[{"model": "admin.logentry", "pk": 1, "fields": {"action_time": "2020-10-17T12:08:36.911Z", "user": 1, "content_type": 13, "object_id": "1", "object_repr": "Vlad the Imp Aler", "action_flag": 1, "change_message": "[{\"added\": {}}]"}}, {"model": "admin.logentry", "pk": 2, "fields": {"action_time": "2020-10-17T12:09:31.001Z", "user": 1, "content_type": 13, "object_id": "2", "object_repr": "Eclipse Stouts", "action_flag": 1, "change_message": "[{\"added\": {}}]"}}, {"model": "admin.logentry", "pk": 3, "fields": {"action_time": "2020-10-17T12:10:11.314Z", "user": 1, "content_type": 13, "object_id": "3", "object_repr": "Fresh IPAs from Other Half", "action_flag": 1, "change_message": "[{\"added\": {}}]"}}, {"model": "admin.logentry", "pk": 4, "fields": {"action_time": "2020-10-17T12:11:28.218Z", "user": 1, "content_type": 13, "object_id": "4", "object_repr": "New Beers from Fuerst Wiacek", "action_flag": 1, "change_message": "[{\"added\": {}}]"}}, {"model": "admin.logentry", "pk": 5, "fields": {"action_time": "2020-10-17T12:12:12.131Z", "user": 1, "content_type": 13, "object_id": "5", "object_repr": "Newest Arrivals", "action_flag": 1, "change_message": "[{\"added\": {}}]"}}, {"model": "admin.logentry", "pk": 6, "fields": {"action_time": "2020-10-17T12:16:51.752Z", "user": 1, "content_type": 14, "object_id": "1", "object_repr": "hoppy", "action_flag": 1, "change_message": "[{\"added\": {}}]"}}, {"model": "admin.logentry", "pk": 7, "fields": {"action_time": "2020-10-17T12:16:59.395Z", "user": 1, "content_type": 14, "object_id": "2", "object_repr": "other", "action_flag": 1, "change_message": "[{\"added\": {}}]"}}, {"model": "admin.logentry", "pk": 8, "fields": {"action_time": "2020-10-17T12:28:03.824Z", "user": 1, "content_type": 14, "object_id": "3", "object_repr": "belgian", "action_flag": 1, "change_message": "[{\"added\": {}}]"}}, {"model": "admin.logentry", "pk": 9, "fields": {"action_time": "2020-10-17T12:28:15.166Z", "user": 1, "content_type": 14, "object_id": "4", "object_repr": "dark", "action_flag": 1, "change_message": "[{\"added\": {}}]"}}, {"model": "admin.logentry", "pk": 10, "fields": {"action_time": "2020-10-17T12:28:52.068Z", "user": 1, "content_type": 14, "object_id": "5", "object_repr": "light", "action_flag": 1, "change_message": "[{\"added\": {}}]"}}, {"model": "admin.logentry", "pk": 11, "fields": {"action_time": "2020-10-17T12:30:48.012Z", "user": 1, "content_type": 14, "object_id": "6", "object_repr": "sour", "action_flag": 1, "change_message": "[{\"added\": {}}]"}}, {"model": "admin.logentry", "pk": 12, "fields": {"action_time": "2020-10-17T12:31:54.576Z", "user": 1, "content_type": 16, "object_id": "1", "object_repr": "ipa", "action_flag": 1, "change_message": "[{\"added\": {}}]"}}, {"model": "admin.logentry", "pk": 13, "fields": {"action_time": "2020-10-17T12:32:06.246Z", "user": 1, "content_type": 16, "object_id": "2", "object_repr": "neipa", "action_flag": 1, "change_message": "[{\"added\": {}}]"}}, {"model": "admin.logentry", "pk": 14, "fields": {"action_time": "2020-10-17T12:32:17.315Z", "user": 1, "content_type": 16, "object_id": "3", "object_repr": "west_coast", "action_flag": 1, "change_message": "[{\"added\": {}}]"}}, {"model": "admin.logentry", "pk": 15, "fields": {"action_time": "2020-10-17T12:32:43.157Z", "user": 1, "content_type": 16, "object_id": "4", "object_repr": "pale_ale", "action_flag": 1, "change_message": "[{\"added\": {}}]"}}, {"model": "admin.logentry", "pk": 16, "fields": {"action_time": "2020-10-17T12:32:54.271Z", "user": 1, "content_type": 16, "object_id": "5", "object_repr": "session_ipa", "action_flag": 1, "change_message": "[{\"added\": {}}]"}}, {"model": "admin.logentry", "pk": 17, "fields": {"action_time": "2020-10-17T12:33:25.044Z", "user": 1, "content_type": 16, "object_id": "6", "object_repr": "milkshake_ipa", "action_flag": 1, "change_message": "[{\"added\": {}}]"}}, {"model": "admin.logentry", "pk": 18, "fields": {"action_time": "2020-10-17T12:33:44.609Z", "user": 1, "content_type": 16, "object_id": "7", "object_repr": "double_ipa", "action_flag": 1, "change_message": "[{\"added\": {}}]"}}, {"model": "admin.logentry", "pk": 19, "fields": {"action_time": "2020-10-17T12:34:44.913Z", "user": 1, "content_type": 16, "object_id": "8", "object_repr": "other", "action_flag": 1, "change_message": "[{\"added\": {}}]"}}, {"model": "admin.logentry", "pk": 20, "fields": {"action_time": "2020-10-17T12:35:01.063Z", "user": 1, "content_type": 16, "object_id": "9", "object_repr": "saison", "action_flag": 1, "change_message": "[{\"added\": {}}]"}}, {"model": "admin.logentry", "pk": 21, "fields": {"action_time": "2020-10-17T12:35:15.800Z", "user": 1, "content_type": 16, "object_id": "10", "object_repr": "dubbel", "action_flag": 1, "change_message": "[{\"added\": {}}]"}}, {"model": "admin.logentry", "pk": 22, "fields": {"action_time": "2020-10-17T12:35:28.765Z", "user": 1, "content_type": 16, "object_id": "11", "object_repr": "tripel", "action_flag": 1, "change_message": "[{\"added\": {}}]"}}, {"model": "admin.logentry", "pk": 23, "fields": {"action_time": "2020-10-17T12:35:44.722Z", "user": 1, "content_type": 16, "object_id": "12", "object_repr": "quadrupel", "action_flag": 1, "change_message": "[{\"added\": {}}]"}}, {"model": "admin.logentry", "pk": 24, "fields": {"action_time": "2020-10-17T12:36:00.834Z", "user": 1, "content_type": 16, "object_id": "13", "object_repr": "belgian_strong", "action_flag": 1, "change_message": "[{\"added\": {}}]"}}, {"model": "admin.logentry", "pk": 25, "fields": {"action_time": "2020-10-17T12:36:24.501Z", "user": 1, "content_type": 16, "object_id": "14", "object_repr": "stout", "action_flag": 1, "change_message": "[{\"added\": {}}]"}}, {"model": "admin.logentry", "pk": 26, "fields": {"action_time": "2020-10-17T12:36:39.269Z", "user": 1, "content_type": 16, "object_id": "15", "object_repr": "imp_stout", "action_flag": 1, "change_message": "[{\"added\": {}}]"}}, {"model": "admin.logentry", "pk": 27, "fields": {"action_time": "2020-10-17T12:36:49.320Z", "user": 1, "content_type": 16, "object_id": "16", "object_repr": "porter", "action_flag": 1, "change_message": "[{\"added\": {}}]"}}, {"model": "admin.logentry", "pk": 28, "fields": {"action_time": "2020-10-17T12:37:00.014Z", "user": 1, "content_type": 16, "object_id": "17", "object_repr": "brown", "action_flag": 1, "change_message": "[{\"added\": {}}]"}}, {"model": "admin.logentry", "pk": 29, "fields": {"action_time": "2020-10-17T12:37:12.982Z", "user": 1, "content_type": 16, "object_id": "18", "object_repr": "pastry_stout", "action_flag": 1, "change_message": "[{\"added\": {}}]"}}, {"model": "admin.logentry", "pk": 30, "fields": {"action_time": "2020-10-17T12:37:33.469Z", "user": 1, "content_type": 16, "object_id": "19", "object_repr": "pilsner", "action_flag": 1, "change_message": "[{\"added\": {}}]"}}, {"model": "admin.logentry", "pk": 31, "fields": {"action_time": "2020-10-17T12:37:45.927Z", "user": 1, "content_type": 16, "object_id": "20", "object_repr": "blonde", "action_flag": 1, "change_message": "[{\"added\": {}}]"}}, {"model": "admin.logentry", "pk": 32, "fields": {"action_time": "2020-10-17T12:38:01.668Z", "user": 1, "content_type": 16, "object_id": "21", "object_repr": "kolsch", "action_flag": 1, "change_message": "[{\"added\": {}}]"}}, {"model": "admin.logentry", "pk": 33, "fields": {"action_time": "2020-10-17T12:38:30.053Z", "user": 1, "content_type": 16, "object_id": "22", "object_repr": "berliner_weisse", "action_flag": 1, "change_message": "[{\"added\": {}}]"}}, {"model": "admin.logentry", "pk": 34, "fields": {"action_time": "2020-10-17T12:38:58.846Z", "user": 1, "content_type": 16, "object_id": "23", "object_repr": "gose", "action_flag": 1, "change_message": "[{\"added\": {}}]"}}, {"model": "admin.logentry", "pk": 35, "fields": {"action_time": "2020-10-17T12:39:11.395Z", "user": 1, "content_type": 16, "object_id": "24", "object_repr": "lambic", "action_flag": 1, "change_message": "[{\"added\": {}}]"}}, {"model": "admin.logentry", "pk": 36, "fields": {"action_time": "2020-10-17T12:39:20.009Z", "user": 1, "content_type": 16, "object_id": "25", "object_repr": "gueuze", "action_flag": 1, "change_message": "[{\"added\": {}}]"}}, {"model": "admin.logentry", "pk": 37, "fields": {"action_time": "2020-10-17T12:40:35.276Z", "user": 1, "content_type": 16, "object_id": "26", "object_repr": "sour_other", "action_flag": 1, "change_message": "[{\"added\": {}}]"}}, {"model": "admin.logentry", "pk": 38, "fields": {"action_time": "2020-10-17T15:09:44.729Z", "user": 1, "content_type": 15, "object_id": "1", "object_repr": "Cascade Brewing", "action_flag": 1, "change_message": "[{\"added\": {}}]"}}, {"model": "admin.logentry", "pk": 39, "fields": {"action_time": "2020-10-17T15:22:43.495Z", "user": 1, "content_type": 17, "object_id": "1", "object_repr": "Vlad the Imp Aler", "action_flag": 1, "change_message": "[{\"added\": {}}]"}}, {"model": "admin.logentry", "pk": 40, "fields": {"action_time": "2020-10-17T17:29:24.736Z", "user": 1, "content_type": 15, "object_id": "2", "object_repr": "test brewery", "action_flag": 3, "change_message": ""}}, {"model": "admin.logentry", "pk": 41, "fields": {"action_time": "2020-10-18T09:15:15.609Z", "user": 1, "content_type": 15, "object_id": "3", "object_repr": "Dugges Bryggeri", "action_flag": 3, "change_message": ""}}, {"model": "admin.logentry", "pk": 42, "fields": {"action_time": "2020-10-18T09:57:53.275Z", "user": 1, "content_type": 15, "object_id": "4", "object_repr": "Dugges Bryggeri", "action_flag": 2, "change_message": "[{\"changed\": {\"fields\": [\"Highlight\"]}}]"}}, {"model": "admin.logentry", "pk": 43, "fields": {"action_time": "2020-10-18T10:51:22.582Z", "user": 1, "content_type": 17, "object_id": "2", "object_repr": "Mango Mango Mango", "action_flag": 3, "change_message": ""}}, {"model": "admin.logentry", "pk": 44, "fields": {"action_time": "2020-10-18T13:40:30.048Z", "user": 1, "content_type": 15, "object_id": "9", "object_repr": "LERVIG", "action_flag": 3, "change_message": ""}}, {"model": "admin.logentry", "pk": 45, "fields": {"action_time": "2020-10-18T13:40:36.281Z", "user": 1, "content_type": 15, "object_id": "10", "object_repr": "LERVIG", "action_flag": 3, "change_message": ""}}, {"model": "admin.logentry", "pk": 46, "fields": {"action_time": "2020-10-18T13:56:30.961Z", "user": 1, "content_type": 17, "object_id": "4", "object_repr": "Tigerstaden Saison", "action_flag": 3, "change_message": ""}}, {"model": "admin.logentry", "pk": 47, "fields": {"action_time": "2020-10-18T14:00:58.328Z", "user": 1, "content_type": 17, "object_id": "5", "object_repr": "Flight of the Angry Beast", "action_flag": 3, "change_message": ""}}, {"model": "admin.logentry", "pk": 48, "fields": {"action_time": "2020-10-18T17:13:40.506Z", "user": 1, "content_type": 15, "object_id": "11", "object_repr": "Schouskjelleren Mikrobryggeri", "action_flag": 3, "change_message": ""}}, {"model": "admin.logentry", "pk": 49, "fields": {"action_time": "2020-10-19T16:36:27.383Z", "user": 1, "content_type": 15, "object_id": "1", "object_repr": "Cascade Brewing", "action_flag": 3, "change_message": ""}}, {"model": "admin.logentry", "pk": 50, "fields": {"action_time": "2020-10-19T17:41:25.854Z", "user": 1, "content_type": 15, "object_id": "14", "object_repr": "Basqueland Brewing", "action_flag": 2, "change_message": "[{\"changed\": {\"fields\": [\"Highlight\"]}}]"}}, {"model": "admin.logentry", "pk": 51, "fields": {"action_time": "2020-10-19T17:41:38.176Z", "user": 1, "content_type": 15, "object_id": "6", "object_repr": "FUERST WIACEK", "action_flag": 2, "change_message": "[{\"changed\": {\"fields\": [\"Highlight\"]}}]"}}, {"model": "admin.logentry", "pk": 52, "fields": {"action_time": "2020-10-19T17:42:01.445Z", "user": 1, "content_type": 15, "object_id": "8", "object_repr": "FiftyFifty Brewing Co.", "action_flag": 2, "change_message": "[{\"changed\": {\"fields\": [\"Highlight\"]}}]"}}, {"model": "admin.logentry", "pk": 53, "fields": {"action_time": "2020-10-19T17:44:06.191Z", "user": 1, "content_type": 15, "object_id": "7", "object_repr": "Omnipollo", "action_flag": 3, "change_message": ""}}, {"model": "admin.logentry", "pk": 54, "fields": {"action_time": "2020-10-19T18:12:35.228Z", "user": 1, "content_type": 17, "object_id": "1", "object_repr": "Vlad the Imp Aler", "action_flag": 3, "change_message": ""}}, {"model": "admin.logentry", "pk": 55, "fields": {"action_time": "2020-10-19T18:12:43.108Z", "user": 1, "content_type": 17, "object_id": "3", "object_repr": "Mango Mango Mango", "action_flag": 3, "change_message": ""}}, {"model": "admin.logentry", "pk": 56, "fields": {"action_time": "2020-10-20T08:24:58.545Z", "user": 1, "content_type": 18, "object_id": "13", "object_repr": "Bellwoods Brewery", "action_flag": 2, "change_message": "[{\"changed\": {\"fields\": [\"Highlight\"]}}]"}}, {"model": "admin.logentry", "pk": 57, "fields": {"action_time": "2020-10-20T08:30:46.567Z", "user": 1, "content_type": 16, "object_id": "27", "object_repr": "sour_fruited", "action_flag": 1, "change_message": "[{\"added\": {}}]"}}, {"model": "admin.logentry", "pk": 58, "fields": {"action_time": "2020-10-20T09:12:31.680Z", "user": 1, "content_type": 17, "object_id": "9", "object_repr": "Red Layers", "action_flag": 2, "change_message": "[{\"changed\": {\"fields\": [\"Producer\"]}}]"}}, {"model": "admin.logentry", "pk": 59, "fields": {"action_time": "2020-10-20T15:52:28.331Z", "user": 1, "content_type": 17, "object_id": "14", "object_repr": "Vitis Noble (2016)", "action_flag": 2, "change_message": "[{\"changed\": {\"fields\": [\"Units per order\"]}}]"}}, {"model": "admin.logentry", "pk": 60, "fields": {"action_time": "2020-10-20T15:53:15.962Z", "user": 1, "content_type": 17, "object_id": "2", "object_repr": "Big Idjit", "action_flag": 2, "change_message": "[{\"changed\": {\"fields\": [\"Abv\", \"Units per order\"]}}]"}}, {"model": "admin.logentry", "pk": 61, "fields": {"action_time": "2020-10-20T15:59:20.503Z", "user": 1, "content_type": 17, "object_id": "1", "object_repr": "Tropic Thunder", "action_flag": 2, "change_message": "[{\"changed\": {\"fields\": [\"Volume\"]}}]"}}, {"model": "admin.logentry", "pk": 62, "fields": {"action_time": "2020-10-20T15:59:32.435Z", "user": 1, "content_type": 17, "object_id": "7", "object_repr": "Tropic Thunder", "action_flag": 2, "change_message": "[{\"changed\": {\"fields\": [\"Volume\"]}}]"}}, {"model": "admin.logentry", "pk": 63, "fields": {"action_time": "2020-10-20T15:59:41.772Z", "user": 1, "content_type": 17, "object_id": "5", "object_repr": "Mango Mango Mango", "action_flag": 2, "change_message": "[{\"changed\": {\"fields\": [\"Volume\"]}}]"}}, {"model": "admin.logentry", "pk": 64, "fields": {"action_time": "2020-10-20T15:59:53.207Z", "user": 1, "content_type": 17, "object_id": "9", "object_repr": "Red Layers", "action_flag": 2, "change_message": "[{\"changed\": {\"fields\": [\"Volume\"]}}]"}}, {"model": "admin.logentry", "pk": 65, "fields": {"action_time": "2020-10-20T16:00:01.058Z", "user": 1, "content_type": 17, "object_id": "7", "object_repr": "Tropic Thunder", "action_flag": 2, "change_message": "[{\"changed\": {\"fields\": [\"Volume\"]}}]"}}, {"model": "admin.logentry", "pk": 66, "fields": {"action_time": "2020-10-20T16:00:10.992Z", "user": 1, "content_type": 17, "object_id": "5", "object_repr": "Mango Mango Mango", "action_flag": 2, "change_message": "[{\"changed\": {\"fields\": [\"Volume\"]}}]"}}, {"model": "admin.logentry", "pk": 67, "fields": {"action_time": "2020-10-20T16:00:20.534Z", "user": 1, "content_type": 17, "object_id": "6", "object_repr": "Black Currant", "action_flag": 2, "change_message": "[{\"changed\": {\"fields\": [\"Volume\"]}}]"}}, {"model": "admin.logentry", "pk": 68, "fields": {"action_time": "2020-10-20T16:00:30.265Z", "user": 1, "content_type": 17, "object_id": "10", "object_repr": "Windmill & Airport", "action_flag": 2, "change_message": "[{\"changed\": {\"fields\": [\"Volume\"]}}]"}}, {"model": "admin.logentry", "pk": 69, "fields": {"action_time": "2020-10-20T16:01:43.564Z", "user": 1, "content_type": 17, "object_id": "3", "object_repr": "FRESH", "action_flag": 2, "change_message": "[{\"changed\": {\"fields\": [\"Volume\"]}}]"}}, {"model": "admin.logentry", "pk": 70, "fields": {"action_time": "2020-10-20T16:02:14.929Z", "user": 1, "content_type": 17, "object_id": "8", "object_repr": "Fudge", "action_flag": 2, "change_message": "[{\"changed\": {\"fields\": [\"Volume\"]}}]"}}, {"model": "admin.logentry", "pk": 71, "fields": {"action_time": "2020-10-20T16:02:34.272Z", "user": 1, "content_type": 17, "object_id": "4", "object_repr": "Mango Mango Mango", "action_flag": 2, "change_message": "[{\"changed\": {\"fields\": [\"Volume\"]}}]"}}, {"model": "admin.logentry", "pk": 72, "fields": {"action_time": "2020-10-20T16:03:02.478Z", "user": 1, "content_type": 17, "object_id": "11", "object_repr": "Vlad the Imp Aler (2017)", "action_flag": 2, "change_message": "[{\"changed\": {\"fields\": [\"Volume\"]}}]"}}, {"model": "admin.logentry", "pk": 73, "fields": {"action_time": "2020-10-20T16:03:10.428Z", "user": 1, "content_type": 17, "object_id": "13", "object_repr": "Pêche Fumé (2017)", "action_flag": 2, "change_message": "[{\"changed\": {\"fields\": [\"Volume\"]}}]"}}, {"model": "admin.logentry", "pk": 74, "fields": {"action_time": "2020-10-20T16:03:19.772Z", "user": 1, "content_type": 17, "object_id": "2", "object_repr": "Big Idjit", "action_flag": 2, "change_message": "[{\"changed\": {\"fields\": [\"Volume\"]}}]"}}, {"model": "admin.logentry", "pk": 75, "fields": {"action_time": "2020-10-20T16:03:26.659Z", "user": 1, "content_type": 17, "object_id": "14", "object_repr": "Vitis Noble (2016)", "action_flag": 2, "change_message": "[{\"changed\": {\"fields\": [\"Volume\"]}}]"}}, {"model": "admin.logentry", "pk": 76, "fields": {"action_time": "2020-10-20T16:03:35.059Z", "user": 1, "content_type": 17, "object_id": "12", "object_repr": "Kriek (2017)", "action_flag": 2, "change_message": "[{\"changed\": {\"fields\": [\"Volume\"]}}]"}}, {"model": "admin.logentry", "pk": 77, "fields": {"action_time": "2020-10-20T16:47:06.725Z", "user": 1, "content_type": 16, "object_id": "28", "object_repr": "ipl", "action_flag": 1, "change_message": "[{\"added\": {}}]"}}, {"model": "admin.logentry", "pk": 78, "fields": {"action_time": "2020-10-20T18:08:00.259Z", "user": 1, "content_type": 17, "object_id": "27", "object_repr": "DDH Galaxy IPA", "action_flag": 2, "change_message": "[{\"changed\": {\"fields\": [\"Sku\"]}}]"}}, {"model": "admin.logentry", "pk": 79, "fields": {"action_time": "2020-10-20T18:08:16.579Z", "user": 1, "content_type": 17, "object_id": "50", "object_repr": "Abbey Tripel", "action_flag": 2, "change_message": "[{\"changed\": {\"fields\": [\"Sku\"]}}]"}}, {"model": "admin.logentry", "pk": 80, "fields": {"action_time": "2020-10-22T15:28:31.784Z", "user": 1, "content_type": 17, "object_id": "53", "object_repr": "Dot Ave", "action_flag": 2, "change_message": "[{\"changed\": {\"fields\": [\"Style\", \"Packaging\"]}}]"}}, {"model": "admin.logentry", "pk": 81, "fields": {"action_time": "2020-10-22T16:48:56.926Z", "user": 1, "content_type": 17, "object_id": "19", "object_repr": "AUPA", "action_flag": 2, "change_message": "[{\"changed\": {\"fields\": [\"Units per order\"]}}]"}}, {"model": "admin.logentry", "pk": 82, "fields": {"action_time": "2020-10-22T19:18:42.101Z", "user": 1, "content_type": 18, "object_id": "1", "object_repr": "Dugges Bryggeri", "action_flag": 2, "change_message": "[{\"changed\": {\"fields\": [\"Image\"]}}]"}}, {"model": "admin.logentry", "pk": 83, "fields": {"action_time": "2020-10-24T10:55:02.575Z", "user": 1, "content_type": 17, "object_id": "14", "object_repr": "Vitis Noble (2016)", "action_flag": 2, "change_message": "[{\"changed\": {\"fields\": [\"Style\"]}}]"}}, {"model": "admin.logentry", "pk": 84, "fields": {"action_time": "2020-10-24T19:03:21.676Z", "user": 1, "content_type": 13, "object_id": "1", "object_repr": "Vlad the Imp Aler", "action_flag": 2, "change_message": "[{\"changed\": {\"fields\": [\"Cta link\"]}}]"}}, {"model": "admin.logentry", "pk": 85, "fields": {"action_time": "2020-11-01T12:34:45.843Z", "user": 1, "content_type": 19, "object_id": "1", "object_repr": "Order object (1)", "action_flag": 2, "change_message": "[{\"deleted\": {\"name\": \"order line item\", \"object\": \"SKU 8399088378 on order CDF8E21324B94C8AA093A52F45C9EB85\"}}]"}}, {"model": "admin.logentry", "pk": 86, "fields": {"action_time": "2020-11-14T10:30:07.525Z", "user": 1, "content_type": 8, "object_id": "1", "object_repr": "sd.castagna@gmail.com", "action_flag": 2, "change_message": "[{\"changed\": {\"fields\": [\"Verified\", \"Primary\"]}}]"}}, {"model": "admin.logentry", "pk": 87, "fields": {"action_time": "2020-11-15T10:44:42.551Z", "user": 1, "content_type": 4, "object_id": "2", "object_repr": "test", "action_flag": 2, "change_message": "[{\"changed\": {\"fields\": [\"password\"]}}]"}}, {"model": "admin.logentry", "pk": 88, "fields": {"action_time": "2020-11-15T10:52:38.741Z", "user": 1, "content_type": 19, "object_id": "34", "object_repr": "Order object (34)", "action_flag": 2, "change_message": "[]"}}, {"model": "admin.logentry", "pk": 89, "fields": {"action_time": "2020-11-17T11:35:09.565Z", "user": 1, "content_type": 13, "object_id": "2", "object_repr": "Eclipse Stouts", "action_flag": 2, "change_message": "[{\"changed\": {\"fields\": [\"Cta link\"]}}]"}}, {"model": "admin.logentry", "pk": 90, "fields": {"action_time": "2020-11-21T12:34:00.410Z", "user": 1, "content_type": 13, "object_id": "6", "object_repr": "testing", "action_flag": 1, "change_message": "[{\"added\": {}}]"}}, {"model": "admin.logentry", "pk": 91, "fields": {"action_time": "2020-11-21T12:35:18.488Z", "user": 1, "content_type": 13, "object_id": "6", "object_repr": "testing", "action_flag": 3, "change_message": ""}}, {"model": "admin.logentry", "pk": 92, "fields": {"action_time": "2020-11-21T12:35:30.695Z", "user": 1, "content_type": 13, "object_id": "7", "object_repr": "testing", "action_flag": 1, "change_message": "[{\"added\": {}}]"}}, {"model": "auth.permission", "pk": 1, "fields": {"name": "Can add log entry", "content_type": 1, "codename": "add_logentry"}}, {"model": "auth.permission", "pk": 2, "fields": {"name": "Can change log entry", "content_type": 1, "codename": "change_logentry"}}, {"model": "auth.permission", "pk": 3, "fields": {"name": "Can delete log entry", "content_type": 1, "codename": "delete_logentry"}}, {"model": "auth.permission", "pk": 4, "fields": {"name": "Can view log entry", "content_type": 1, "codename": "view_logentry"}}, {"model": "auth.permission", "pk": 5, "fields": {"name": "Can add permission", "content_type": 2, "codename": "add_permission"}}, {"model": "auth.permission", "pk": 6, "fields": {"name": "Can change permission", "content_type": 2, "codename": "change_permission"}}, {"model": "auth.permission", "pk": 7, "fields": {"name": "Can delete permission", "content_type": 2, "codename": "delete_permission"}}, {"model": "auth.permission", "pk": 8, "fields": {"name": "Can view permission", "content_type": 2, "codename": "view_permission"}}, {"model": "auth.permission", "pk": 9, "fields": {"name": "Can add group", "content_type": 3, "codename": "add_group"}}, {"model": "auth.permission", "pk": 10, "fields": {"name": "Can change group", "content_type": 3, "codename": "change_group"}}, {"model": "auth.permission", "pk": 11, "fields": {"name": "Can delete group", "content_type": 3, "codename": "delete_group"}}, {"model": "auth.permission", "pk": 12, "fields": {"name": "Can view group", "content_type": 3, "codename": "view_group"}}, {"model": "auth.permission", "pk": 13, "fields": {"name": "Can add user", "content_type": 4, "codename": "add_user"}}, {"model": "auth.permission", "pk": 14, "fields": {"name": "Can change user", "content_type": 4, "codename": "change_user"}}, {"model": "auth.permission", "pk": 15, "fields": {"name": "Can delete user", "content_type": 4, "codename": "delete_user"}}, {"model": "auth.permission", "pk": 16, "fields": {"name": "Can view user", "content_type": 4, "codename": "view_user"}}, {"model": "auth.permission", "pk": 17, "fields": {"name": "Can add content type", "content_type": 5, "codename": "add_contenttype"}}, {"model": "auth.permission", "pk": 18, "fields": {"name": "Can change content type", "content_type": 5, "codename": "change_contenttype"}}, {"model": "auth.permission", "pk": 19, "fields": {"name": "Can delete content type", "content_type": 5, "codename": "delete_contenttype"}}, {"model": "auth.permission", "pk": 20, "fields": {"name": "Can view content type", "content_type": 5, "codename": "view_contenttype"}}, {"model": "auth.permission", "pk": 21, "fields": {"name": "Can add session", "content_type": 6, "codename": "add_session"}}, {"model": "auth.permission", "pk": 22, "fields": {"name": "Can change session", "content_type": 6, "codename": "change_session"}}, {"model": "auth.permission", "pk": 23, "fields": {"name": "Can delete session", "content_type": 6, "codename": "delete_session"}}, {"model": "auth.permission", "pk": 24, "fields": {"name": "Can view session", "content_type": 6, "codename": "view_session"}}, {"model": "auth.permission", "pk": 25, "fields": {"name": "Can add site", "content_type": 7, "codename": "add_site"}}, {"model": "auth.permission", "pk": 26, "fields": {"name": "Can change site", "content_type": 7, "codename": "change_site"}}, {"model": "auth.permission", "pk": 27, "fields": {"name": "Can delete site", "content_type": 7, "codename": "delete_site"}}, {"model": "auth.permission", "pk": 28, "fields": {"name": "Can view site", "content_type": 7, "codename": "view_site"}}, {"model": "auth.permission", "pk": 29, "fields": {"name": "Can add email address", "content_type": 8, "codename": "add_emailaddress"}}, {"model": "auth.permission", "pk": 30, "fields": {"name": "Can change email address", "content_type": 8, "codename": "change_emailaddress"}}, {"model": "auth.permission", "pk": 31, "fields": {"name": "Can delete email address", "content_type": 8, "codename": "delete_emailaddress"}}, {"model": "auth.permission", "pk": 32, "fields": {"name": "Can view email address", "content_type": 8, "codename": "view_emailaddress"}}, {"model": "auth.permission", "pk": 33, "fields": {"name": "Can add email confirmation", "content_type": 9, "codename": "add_emailconfirmation"}}, {"model": "auth.permission", "pk": 34, "fields": {"name": "Can change email confirmation", "content_type": 9, "codename": "change_emailconfirmation"}}, {"model": "auth.permission", "pk": 35, "fields": {"name": "Can delete email confirmation", "content_type": 9, "codename": "delete_emailconfirmation"}}, {"model": "auth.permission", "pk": 36, "fields": {"name": "Can view email confirmation", "content_type": 9, "codename": "view_emailconfirmation"}}, {"model": "auth.permission", "pk": 37, "fields": {"name": "Can add social account", "content_type": 10, "codename": "add_socialaccount"}}, {"model": "auth.permission", "pk": 38, "fields": {"name": "Can change social account", "content_type": 10, "codename": "change_socialaccount"}}, {"model": "auth.permission", "pk": 39, "fields": {"name": "Can delete social account", "content_type": 10, "codename": "delete_socialaccount"}}, {"model": "auth.permission", "pk": 40, "fields": {"name": "Can view social account", "content_type": 10, "codename": "view_socialaccount"}}, {"model": "auth.permission", "pk": 41, "fields": {"name": "Can add social application", "content_type": 11, "codename": "add_socialapp"}}, {"model": "auth.permission", "pk": 42, "fields": {"name": "Can change social application", "content_type": 11, "codename": "change_socialapp"}}, {"model": "auth.permission", "pk": 43, "fields": {"name": "Can delete social application", "content_type": 11, "codename": "delete_socialapp"}}, {"model": "auth.permission", "pk": 44, "fields": {"name": "Can view social application", "content_type": 11, "codename": "view_socialapp"}}, {"model": "auth.permission", "pk": 45, "fields": {"name": "Can add social application token", "content_type": 12, "codename": "add_socialtoken"}}, {"model": "auth.permission", "pk": 46, "fields": {"name": "Can change social application token", "content_type": 12, "codename": "change_socialtoken"}}, {"model": "auth.permission", "pk": 47, "fields": {"name": "Can delete social application token", "content_type": 12, "codename": "delete_socialtoken"}}, {"model": "auth.permission", "pk": 48, "fields": {"name": "Can view social application token", "content_type": 12, "codename": "view_socialtoken"}}, {"model": "auth.permission", "pk": 49, "fields": {"name": "Can add slide", "content_type": 13, "codename": "add_slide"}}, {"model": "auth.permission", "pk": 50, "fields": {"name": "Can change slide", "content_type": 13, "codename": "change_slide"}}, {"model": "auth.permission", "pk": 51, "fields": {"name": "Can delete slide", "content_type": 13, "codename": "delete_slide"}}, {"model": "auth.permission", "pk": 52, "fields": {"name": "Can view slide", "content_type": 13, "codename": "view_slide"}}, {"model": "auth.permission", "pk": 53, "fields": {"name": "Can add category", "content_type": 14, "codename": "add_category"}}, {"model": "auth.permission", "pk": 54, "fields": {"name": "Can change category", "content_type": 14, "codename": "change_category"}}, {"model": "auth.permission", "pk": 55, "fields": {"name": "Can delete category", "content_type": 14, "codename": "delete_category"}}, {"model": "auth.permission", "pk": 56, "fields": {"name": "Can view category", "content_type": 14, "codename": "view_category"}}, {"model": "auth.permission", "pk": 57, "fields": {"name": "Can add producer", "content_type": 15, "codename": "add_producer"}}, {"model": "auth.permission", "pk": 58, "fields": {"name": "Can change producer", "content_type": 15, "codename": "change_producer"}}, {"model": "auth.permission", "pk": 59, "fields": {"name": "Can delete producer", "content_type": 15, "codename": "delete_producer"}}, {"model": "auth.permission", "pk": 60, "fields": {"name": "Can view producer", "content_type": 15, "codename": "view_producer"}}, {"model": "auth.permission", "pk": 61, "fields": {"name": "Can add style", "content_type": 16, "codename": "add_style"}}, {"model": "auth.permission", "pk": 62, "fields": {"name": "Can change style", "content_type": 16, "codename": "change_style"}}, {"model": "auth.permission", "pk": 63, "fields": {"name": "Can delete style", "content_type": 16, "codename": "delete_style"}}, {"model": "auth.permission", "pk": 64, "fields": {"name": "Can view style", "content_type": 16, "codename": "view_style"}}, {"model": "auth.permission", "pk": 65, "fields": {"name": "Can add product", "content_type": 17, "codename": "add_product"}}, {"model": "auth.permission", "pk": 66, "fields": {"name": "Can change product", "content_type": 17, "codename": "change_product"}}, {"model": "auth.permission", "pk": 67, "fields": {"name": "Can delete product", "content_type": 17, "codename": "delete_product"}}, {"model": "auth.permission", "pk": 68, "fields": {"name": "Can view product", "content_type": 17, "codename": "view_product"}}, {"model": "auth.permission", "pk": 69, "fields": {"name": "Can add producer", "content_type": 18, "codename": "add_producer"}}, {"model": "auth.permission", "pk": 70, "fields": {"name": "Can change producer", "content_type": 18, "codename": "change_producer"}}, {"model": "auth.permission", "pk": 71, "fields": {"name": "Can delete producer", "content_type": 18, "codename": "delete_producer"}}, {"model": "auth.permission", "pk": 72, "fields": {"name": "Can view producer", "content_type": 18, "codename": "view_producer"}}, {"model": "auth.permission", "pk": 73, "fields": {"name": "Can add order", "content_type": 19, "codename": "add_order"}}, {"model": "auth.permission", "pk": 74, "fields": {"name": "Can change order", "content_type": 19, "codename": "change_order"}}, {"model": "auth.permission", "pk": 75, "fields": {"name": "Can delete order", "content_type": 19, "codename": "delete_order"}}, {"model": "auth.permission", "pk": 76, "fields": {"name": "Can view order", "content_type": 19, "codename": "view_order"}}, {"model": "auth.permission", "pk": 77, "fields": {"name": "Can add order line item", "content_type": 20, "codename": "add_orderlineitem"}}, {"model": "auth.permission", "pk": 78, "fields": {"name": "Can change order line item", "content_type": 20, "codename": "change_orderlineitem"}}, {"model": "auth.permission", "pk": 79, "fields": {"name": "Can delete order line item", "content_type": 20, "codename": "delete_orderlineitem"}}, {"model": "auth.permission", "pk": 80, "fields": {"name": "Can view order line item", "content_type": 20, "codename": "view_orderlineitem"}}, {"model": "auth.permission", "pk": 81, "fields": {"name": "Can add user profile", "content_type": 21, "codename": "add_userprofile"}}, {"model": "auth.permission", "pk": 82, "fields": {"name": "Can change user profile", "content_type": 21, "codename": "change_userprofile"}}, {"model": "auth.permission", "pk": 83, "fields": {"name": "Can delete user profile", "content_type": 21, "codename": "delete_userprofile"}}, {"model": "auth.permission", "pk": 84, "fields": {"name": "Can view user profile", "content_type": 21, "codename": "view_userprofile"}}, {"model": "auth.user", "pk": 1, "fields": {"password": "pbkdf2_sha256$216000$YsYyUGHrfNw9$UOVaZgD7uNGAyLs2DJlwZg91rCoBpj7/1iAW9u53x/k=", "last_login": "2020-11-22T16:59:57.287Z", "is_superuser": true, "username": "simoncastagna", "first_name": "", "last_name": "", "email": "sd.castagna@gmail.com", "is_staff": true, "is_active": true, "date_joined": "2020-10-17T12:03:41.545Z", "groups": [], "user_permissions": []}}, {"model": "auth.user", "pk": 2, "fields": {"password": "pbkdf2_sha256$216000$onLyMdqOhGvp$YoUVKw/Gz3bUPZ+IJEUOdYTqVCKP8HbdvPJkRdMp1PE=", "last_login": "2020-11-15T10:44:48.430Z", "is_superuser": false, "username": "test", "first_name": "", "last_name": "", "email": "test@test.com", "is_staff": false, "is_active": true, "date_joined": "2020-11-14T10:55:33.016Z", "groups": [], "user_permissions": []}}, {"model": "contenttypes.contenttype", "pk": 1, "fields": {"app_label": "admin", "model": "logentry"}}, {"model": "contenttypes.contenttype", "pk": 2, "fields": {"app_label": "auth", "model": "permission"}}, {"model": "contenttypes.contenttype", "pk": 3, "fields": {"app_label": "auth", "model": "group"}}, {"model": "contenttypes.contenttype", "pk": 4, "fields": {"app_label": "auth", "model": "user"}}, {"model": "contenttypes.contenttype", "pk": 5, "fields": {"app_label": "contenttypes", "model": "contenttype"}}, {"model": "contenttypes.contenttype", "pk": 6, "fields": {"app_label": "sessions", "model": "session"}}, {"model": "contenttypes.contenttype", "pk": 7, "fields": {"app_label": "sites", "model": "site"}}, {"model": "contenttypes.contenttype", "pk": 8, "fields": {"app_label": "account", "model": "emailaddress"}}, {"model": "contenttypes.contenttype", "pk": 9, "fields": {"app_label": "account", "model": "emailconfirmation"}}, {"model": "contenttypes.contenttype", "pk": 10, "fields": {"app_label": "socialaccount", "model": "socialaccount"}}, {"model": "contenttypes.contenttype", "pk": 11, "fields": {"app_label": "socialaccount", "model": "socialapp"}}, {"model": "contenttypes.contenttype", "pk": 12, "fields": {"app_label": "socialaccount", "model": "socialtoken"}}, {"model": "contenttypes.contenttype", "pk": 13, "fields": {"app_label": "home", "model": "slide"}}, {"model": "contenttypes.contenttype", "pk": 14, "fields": {"app_label": "products", "model": "category"}}, {"model": "contenttypes.contenttype", "pk": 15, "fields": {"app_label": "products", "model": "producer"}}, {"model": "contenttypes.contenttype", "pk": 16, "fields": {"app_label": "products", "model": "style"}}, {"model": "contenttypes.contenttype", "pk": 17, "fields": {"app_label": "products", "model": "product"}}, {"model": "contenttypes.contenttype", "pk": 18, "fields": {"app_label": "producers", "model": "producer"}}, {"model": "contenttypes.contenttype", "pk": 19, "fields": {"app_label": "checkout", "model": "order"}}, {"model": "contenttypes.contenttype", "pk": 20, "fields": {"app_label": "checkout", "model": "orderlineitem"}}, {"model": "contenttypes.contenttype", "pk": 21, "fields": {"app_label": "profiles", "model": "userprofile"}}, {"model": "sessions.session", "pk": "0txqc1qpfykebxx9zc82a5bgpm62uaxu", "fields": {"session_data": "eyJfc2Vzc2lvbl9leHBpcnkiOjB9:1kdslq:yUtCWZfsp32IlPyfwxP65pvfTObnYpmUBzqJ5Ka2XsE", "expire_date": "2020-11-28T10:27:02.440Z"}}, {"model": "sessions.session", "pk": "1oxsub5ggh1c0rim0a8q1g0ac1p12wf5", "fields": {"session_data": ".eJxVjMsOwiAQRf-FtSE8hlFcuu83kIEBqRqalHZl_HfbpAvdnnPufYtA61LD2vMcRhZXocXpl0VKz9x2wQ9q90mmqS3zGOWeyMN2OUycX7ej_Tuo1Ou2zpiMAxVNStqCY4wEF2DcOCqXNRsoBXTExB7PlqwHjoZ1yb5YtEp8vuavN_o:1keFWU:13sy9AmRXyyRUKt4yJ7ZP54JXlF-f0xAloI3ImwOpco", "expire_date": "2020-11-29T10:44:42.566Z"}}, {"model": "sessions.session", "pk": "56q3vycyo493jrg37tqfwxz5318y9k51", "fields": {"session_data": "eyJzYXZlLWluZm8iOnRydWV9:1kdHP3:fX-ZlqFTNOfEkj1uMNqLCglKKGkQqkfJcTwccbno42M", "expire_date": "2020-11-26T18:33:01.916Z"}}, {"model": "sessions.session", "pk": "7qxfney15asf6hef84z4av4dmpsdv8pc", "fields": {"session_data": "eyJfc2Vzc2lvbl9leHBpcnkiOjB9:1kdsoI:YFVmLGN77KqtGZDqQNz1V6qaiOCrhuG7nk4tfjbiFbI", "expire_date": "2020-11-28T10:29:34.222Z"}}, {"model": "sessions.session", "pk": "9jzopw2tja52p39w46ghfieckg3wix5o", "fields": {"session_data": ".eJxVjMsOwiAQRf-FtSE8hlFcuu83kIEBqRqalHZl_HfbpAvdnnPufYtA61LD2vMcRhZXocXpl0VKz9x2wQ9q90mmqS3zGOWeyMN2OUycX7ej_Tuo1Ou2zpiMAxVNStqCY4wEF2DcOCqXNRsoBXTExB7PlqwHjoZ1yb5YtEp8vuavN_o:1kTsw7:zLWpEOgok2M5xdi7ljj1nwVuPPfABs8hReFU-uA7weE", "expire_date": "2020-10-31T20:36:19.752Z"}}, {"model": "sessions.session", "pk": "bkvcyqnp39x5gedgzh34csz1gnqsjvlw", "fields": {"session_data": ".eJxVjMsOwiAUBf-FdSW8tV269xsIcC8WNWCgNRrjv9smXeh2Zs55E-vmabRzw2oTkIFw0v0y78IV8yrg4vK50FDyVJOna0I32-ipAN6OW_t3MLo2Lms0QWjFvAiBS6XBeKcOCszCDdPIQagYFfcmQG_20slegRfAI_ZRGsnW04atpZItPu-pvsjAOtLcA3cpx0KGqc74-QLzaUUp:1kh8yZ:bhBIK-S39MVsTx3ozyn2a2kJJ-5L5m4giL80qdmyeWs", "expire_date": "2020-12-07T10:21:39.080Z"}}, {"model": "sessions.session", "pk": "cgd5dlbwy3ny5pa9eg93agxrxur71tfq", "fields": {"session_data": "e30:1kdsoP:lYOomR7qMYWJ_e1N8ZseKAUt1VsAAPYuSMXXpxvFbi0", "expire_date": "2020-11-28T10:29:41.178Z"}}, {"model": "sessions.session", "pk": "f2wgm5ebxrwwi0cbntjyqjtm0use25zl", "fields": {"session_data": ".eJxVjMsOwiAQRf-FtSE8hlFcuu83kIEBqRqalHZl_HfbpAvdnnPufYtA61LD2vMcRhZXocXpl0VKz9x2wQ9q90mmqS3zGOWeyMN2OUycX7ej_Tuo1Ou2zpiMAxVNStqCY4wEF2DcOCqXNRsoBXTExB7PlqwHjoZ1yb5YtEp8vuavN_o:1kTnov:oOQcxR61OQBH9gzeCaIonQNJ6iHNh9UkoUjQefRuxUY", "expire_date": "2020-10-31T15:08:33.024Z"}}, {"model": "sessions.session", "pk": "kxkh8kmnbdzd6p57ncg494ferh3apgx5", "fields": {"session_data": ".eJxVjMsOwiAQRf-FtSE8hlFcuu83kIEBqRqalHZl_HfbpAvdnnPufYtA61LD2vMcRhZXocXpl0VKz9x2wQ9q90mmqS3zGOWeyMN2OUycX7ej_Tuo1Ou2zpiMAxVNStqCY4wEF2DcOCqXNRsoBXTExB7PlqwHjoZ1yb5YtEp8vuavN_o:1kdwOb:P7BwR2x479xiUGE2D-xyFcd_QqNjur65ZNzWe8FnaC4", "expire_date": "2020-11-28T14:19:17.250Z"}}, {"model": "sessions.session", "pk": "nw094sfjzrfcomt2qfksqmi0ke7wn3h2", "fields": {"session_data": ".eJxVjDEOgzAQBP9ytWVx9nEBl-nzBmT77EASgYShQvw9INFQrTQ7uxtEPy_gNmBwqKABRwoIwRkF9gjcFXR-XfpuLWnuBgEHCDcWfPym8Szk48f3pOM0LvMQ9Knoqy36NUn6PS_3dtD70h_rxNHUVAUTI1qqhYOnhoQPzlWdUAzlTBg4SssP621LEoxgTm22bCvY_7iIP8E:1kWfrX:RHPTiZxW1ZMB-TR1dpyMav-PTWMQTVdnIN_b3WH2dlg", "expire_date": "2020-11-08T13:15:07.340Z"}}, {"model": "sessions.session", "pk": "pmcmltl4kgrya0vvf4gp6l1j2onrfvvg", "fields": {"session_data": ".eJxVTkkOgjAUvctfI-kgU3d6EfLb_oZGUkxbjIZwd4Gw0OWb3wI9znno50Sx9xYUCCh-OY3mQWEXcBx3ukRjpjnk8vCccipvG6KQvcHsp3A_U39VA6Zh63HEdesQjWSyQt3amlFjpLDXTgirndNOMF2jda1wnDeNqblkvLJUW-rk8S9RSttMT--njx9QrICEL7r44CZQOc5UgMGYQS3AO1B8Xb9-lE64:1keLEW:AwHE4D0S8iVYW8R6rAIjKCcMOe6u3_sJa1_bQGmZon8", "expire_date": "2020-11-29T16:50:32.043Z"}}, {"model": "sessions.session", "pk": "qp2d2kiaa3w7nbt46mf9vb2ohb7ee8dy", "fields": {"session_data": "eyJzYXZlLWluZm8iOnRydWV9:1kh9Yx:LZmzbDn7pbH0OHrNkB50lyii_0J8nB2adYCszlJX49w", "expire_date": "2020-12-07T10:59:15.137Z"}}, {"model": "sessions.session", "pk": "tk9vor2kfq7if4g41f15ugnbeit2ntqc", "fields": {"session_data": ".eJxVjDsOgzAQBe-yNbL8WW-Cy_ScAa29diCJQOJTIe4ekCiSdmbe26Dldenadc5T2wsEMFD9ssjpnYdTyIuH56jSOCxTH9WZqMvOqhklfx5X-3fQ8dwd60zJetTRpmQceqHIeEehg5P22YjFUtBESlLTzbGrUaIVU3JdHDl9nCaeFggbWA3BV-AhmH3_AvLoPWs:1kWbGC:_uu709X-zV7jhMCHNXbKBrocE7qjHK8iW_4pPtf2PC8", "expire_date": "2020-11-08T08:20:16.427Z"}}, {"model": "sites.site", "pk": 1, "fields": {"domain": "example.com", "name": "example.com"}}, {"model": "account.emailaddress", "pk": 1, "fields": {"user": 1, "email": "sd.castagna@gmail.com", "verified": true, "primary": true}}, {"model": "account.emailaddress", "pk": 2, "fields": {"user": 2, "email": "test@test.com", "verified": true, "primary": true}}, {"model": "home.slide", "pk": 1, "fields": {"title": "Vlad the Imp Aler", "description": "The 2017 vintage of Cascade Brewing Company's classic ale just made it to our warehouse. Supplies are limited.", "image": "slides/vlad-imp-aler.jpg", "cta_txt": "View Product", "cta_link": "/products/11/"}}, {"model": "home.slide", "pk": 2, "fields": {"title": "Eclipse Stouts", "description": "We have a selection of this award-winning stout matured in various barrels.", "image": "slides/eclipse.jpg", "cta_txt": "View Products", "cta_link": "/products/?q=eclipse"}}, {"model": "home.slide", "pk": 3, "fields": {"title": "Fresh IPAs from Other Half", "description": "Straight from the legendary New York Brewery, packaged less than a week ago, get them while they're fresh.", "image": "slides/other-half.jpg", "cta_txt": "View Products", "cta_link": "#"}}, {"model": "home.slide", "pk": 4, "fields": {"title": "New Beers from Fuerst Wiacek", "description": "The rising star of the German craft beer scene is here! See what we have to offer.", "image": "slides/fuerst-wiacek.jpg", "cta_txt": "View Products", "cta_link": "#"}}, {"model": "home.slide", "pk": 5, "fields": {"title": "Newest Arrivals", "description": "We've got a large selection of new products. Check them out here.", "image": "slides/generic.jpg", "cta_txt": "View Products", "cta_link": "#"}}, {"model": "products.category", "pk": 1, "fields": {"name": "hoppy", "friendly_name": "Hoppy Beers"}}, {"model": "products.category", "pk": 2, "fields": {"name": "other", "friendly_name": "Other"}}, {"model": "products.category", "pk": 3, "fields": {"name": "belgian", "friendly_name": "Belgian Style Beers"}}, {"model": "products.category", "pk": 4, "fields": {"name": "dark", "friendly_name": "Dark Beers"}}, {"model": "products.category", "pk": 5, "fields": {"name": "light", "friendly_name": "Light Beers"}}, {"model": "products.category", "pk": 6, "fields": {"name": "sour", "friendly_name": "Sour Beers"}}, {"model": "products.style", "pk": 1, "fields": {"name": "ipa", "friendly_name": "IPA", "category": 1}}, {"model": "products.style", "pk": 2, "fields": {"name": "neipa", "friendly_name": "New-England IPA", "category": 1}}, {"model": "products.style", "pk": 3, "fields": {"name": "west_coast", "friendly_name": "West Coast IPA", "category": 1}}, {"model": "products.style", "pk": 4, "fields": {"name": "pale_ale", "friendly_name": "Pale Ale", "category": 1}}, {"model": "products.style", "pk": 5, "fields": {"name": "session_ipa", "friendly_name": "Session IPA", "category": 1}}, {"model": "products.style", "pk": 6, "fields": {"name": "milkshake_ipa", "friendly_name": "Milkshake IPA", "category": 1}}, {"model": "products.style", "pk": 7, "fields": {"name": "double_ipa", "friendly_name": "Double/Imperial IPA", "category": 1}}, {"model": "products.style", "pk": 8, "fields": {"name": "other", "friendly_name": "Other", "category": 2}}, {"model": "products.style", "pk": 9, "fields": {"name": "saison", "friendly_name": "Saison", "category": 3}}, {"model": "products.style", "pk": 10, "fields": {"name": "dubbel", "friendly_name": "Belgian Dubbel", "category": 3}}, {"model": "products.style", "pk": 11, "fields": {"name": "tripel", "friendly_name": "Belgian Tripel", "category": 3}}, {"model": "products.style", "pk": 12, "fields": {"name": "quadrupel", "friendly_name": "Belgian Quadrupel", "category": 3}}, {"model": "products.style", "pk": 13, "fields": {"name": "belgian_strong", "friendly_name": "Belgian Strong Ale", "category": 3}}, {"model": "products.style", "pk": 14, "fields": {"name": "stout", "friendly_name": "Stout", "category": 4}}, {"model": "products.style", "pk": 15, "fields": {"name": "imp_stout", "friendly_name": "Imperial Stout", "category": 4}}, {"model": "products.style", "pk": 16, "fields": {"name": "porter", "friendly_name": "Porter", "category": 4}}, {"model": "products.style", "pk": 17, "fields": {"name": "brown", "friendly_name": "Brown Ale", "category": 4}}, {"model": "products.style", "pk": 18, "fields": {"name": "pastry_stout", "friendly_name": "Pastry Sout", "category": 4}}, {"model": "products.style", "pk": 19, "fields": {"name": "pilsner", "friendly_name": "Pilsner", "category": 5}}, {"model": "products.style", "pk": 20, "fields": {"name": "blonde", "friendly_name": "Blonde Ale", "category": 5}}, {"model": "products.style", "pk": 21, "fields": {"name": "kolsch", "friendly_name": "Kölsch", "category": 5}}, {"model": "products.style", "pk": 22, "fields": {"name": "berliner_weisse", "friendly_name": "Berliner Weisse", "category": 6}}, {"model": "products.style", "pk": 23, "fields": {"name": "gose", "friendly_name": "Gose", "category": 6}}, {"model": "products.style", "pk": 24, "fields": {"name": "lambic", "friendly_name": "Lambic", "category": 6}}, {"model": "products.style", "pk": 25, "fields": {"name": "gueuze", "friendly_name": "Gueuze", "category": 6}}, {"model": "products.style", "pk": 26, "fields": {"name": "sour_other", "friendly_name": "Sour - Other", "category": 6}}, {"model": "products.style", "pk": 27, "fields": {"name": "sour_fruited", "friendly_name": "Sour - Fruited", "category": 6}}, {"model": "products.style", "pk": 28, "fields": {"name": "ipl", "friendly_name": "India Pale Lager", "category": 5}}, {"model": "products.product", "pk": 1, "fields": {"name": "Tropic Thunder", "producer": 1, "sku": "3710605786", "style": 27, "description": "Tropic Thunder is a joint effort with nomadic brewer Brian Strumke of Stillwater Artisanal. We brewed this sour ale with lactobacillus and let it ferment with plentiful Mango, Passion fruit and Peach. Sweet!", "abv": "4.50", "packaging": "keg", "volume": "30L", "units_per_order": 1, "price": "2360.00", "rating": "3.74", "new_product": false, "in_stock": true, "image_url": "https://untappd.akamaized.net/site/beer_logos_hd/beer-1145779_a4280_hd.jpeg", "image": "beers/Tropic_Thunder_beer-1145779_a4280_hd.jpeg"}}, {"model": "products.product", "pk": 2, "fields": {"name": "Big Idjit", "producer": 1, "sku": "8399088378", "style": 15, "description": "This is a bigger and bolder version of our classic imperial stout Idjit. So, what does that make this beer then? An imperialer (it’s a word) stout? A more imperial stout? Let’s just say it’s big. Big idjit!", "abv": "10.00", "packaging": "keg", "volume": "20L", "units_per_order": 1, "price": "2912.01", "rating": "4.02", "new_product": true, "in_stock": true, "image_url": "https://untappd.akamaized.net/site/beer_logos_hd/beer-2299053_6b620_hd.jpeg", "image": "beers/Big_Idjit_beer-2299053_6b620_hd.jpeg"}}, {"model": "products.product", "pk": 3, "fields": {"name": "FRESH", "producer": 1, "sku": "4891522115", "style": 1, "description": "FRESH is all we’ve learnt during our journey towards super crisp, nicely sparkling and crushingly lush. An evolving idea of the perfect IPA that came to this. That’s fresh. This is FRESH. Gotta be fresh!\r\n\r\nWell, it took os long enough. Still, what a ride it’s been. After no less than seventeen versions of our IPA series FRESH it has come to this; come full circle: FRESH, our new, yet very familiar, IPA. Over the different versions we’ve tried different malt bills, playing around with the pilsner malt or extra pale malt to rice ratio. We’ve tried a lot of hop combos. And, we’ve even messed around with fermentation and yeast. Now, we’re not saying that this is where it ends. There might still be versions of FRESH. However, this could be it. And, this is fresh. Because, as you know, you gotta be fresh.", "abv": "7.00", "packaging": "keg", "volume": "30L", "units_per_order": 1, "price": "2695.00", "rating": "3.65", "new_product": false, "in_stock": true, "image_url": "https://untappd.akamaized.net/site/beer_logos_hd/beer-2799922_4f8fc_hd.jpeg", "image": "beers/FRESH_beer-2799922_4f8fc_hd.jpeg"}}, {"model": "products.product", "pk": 4, "fields": {"name": "Mango Mango Mango", "producer": 1, "sku": "6330901831", "style": 27, "description": "It might sound like an echo, but it’s not. This collaboration with Stillwater Artisanal explores the true depth of Mango flavor. Three layers of taste and aroma from fruit and hops. Go Mango!", "abv": "4.50", "packaging": "keg", "volume": "30L", "units_per_order": 1, "price": "2360.00", "rating": "3.83", "new_product": false, "in_stock": true, "image_url": "https://untappd.akamaized.net/site/beer_logos_hd/beer-1831441_5c688_hd.jpeg", "image": "beers/Mango_Mango_Mango_beer-1831441_5c688_hd_4D4BpnU.jpeg"}}, {"model": "products.product", "pk": 5, "fields": {"name": "Mango Mango Mango", "producer": 1, "sku": "1528905952", "style": 27, "description": "It might sound like an echo, but it’s not. This collaboration with Stillwater Artisanal explores the true depth of Mango flavor. Three layers of taste and aroma from fruit and hops. Go Mango!", "abv": "4.50", "packaging": "bottle", "volume": "33cl", "units_per_order": 24, "price": "33.98", "rating": "3.83", "new_product": false, "in_stock": true, "image_url": "https://untappd.akamaized.net/site/beer_logos_hd/beer-1831441_5c688_hd.jpeg", "image": "beers/Mango_Mango_Mango_beer-1831441_5c688_hd_rWvYOI4.jpeg"}}, {"model": "products.product", "pk": 6, "fields": {"name": "Black Currant", "producer": 1, "sku": "3892449050", "style": 27, "description": "Black Currant is a sour beer fermented with black currants. To give the beer its sour taste we add lactobacillus to the mix. A beer within the New Nordic Beer project, brewed with only Nordic ingredients.", "abv": "4.50", "packaging": "bottle", "volume": "33cl", "units_per_order": 24, "price": "31.90", "rating": "3.30", "new_product": false, "in_stock": true, "image_url": "https://untappd.akamaized.net/site/beer_logos_hd/beer-1050890_7e047_hd.jpeg", "image": "beers/Black_Currant_beer-1050890_7e047_hd.jpeg"}}, {"model": "products.product", "pk": 7, "fields": {"name": "Tropic Thunder", "producer": 1, "sku": "1143711687", "style": 27, "description": "Tropic Thunder is a joint effort with nomadic brewer Brian Strumke of Stillwater Artisanal. We brewed this sour ale with lactobacillus and let it ferment with plentiful Mango, Passion fruit and Peach. Sweet!", "abv": "4.50", "packaging": "bottle", "volume": "33cl", "units_per_order": 24, "price": "31.90", "rating": "3.74", "new_product": false, "in_stock": true, "image_url": "https://untappd.akamaized.net/site/beer_logos_hd/beer-1145779_a4280_hd.jpeg", "image": "beers/Tropic_Thunder_beer-1145779_a4280_hd_RPErYQP.jpeg"}}, {"model": "products.product", "pk": 8, "fields": {"name": "Fudge", "producer": 1, "sku": "6076963278", "style": 15, "description": "Fudge is part of a journey. A journey towards the perfect stout, towards utopia. Step by step, beer by beer, on and on. Forever! A grand canvas colored with cocoa and vanilla. For any fudgy needs.  Chewy!", "abv": "10.00", "packaging": "bottle", "volume": "33cl", "units_per_order": 24, "price": "59.70", "rating": "3.98", "new_product": false, "in_stock": true, "image_url": "https://untappd.akamaized.net/site/beer_logos_hd/beer-3112820_d44da_hd.jpeg", "image": "beers/Fudge_beer-3112820_d44da_hd.jpeg"}}, {"model": "products.product", "pk": 9, "fields": {"name": "Red Layers", "producer": 1, "sku": "3744820654", "style": 27, "description": "Layer upon layer upon layer. Three different kinds of raspberries. Purée, juice and powder! And, a collaboration with J. Wakefield, Florida, USA, at that. This sour beer is berry berry berry heaven. Cake!", "abv": "6.00", "packaging": "bottle", "volume": "33cl", "units_per_order": 24, "price": "40.50", "rating": "3.84", "new_product": false, "in_stock": true, "image_url": "https://untappd.akamaized.net/site/beer_logos_hd/beer-2965623_0c31c_hd.jpeg", "image": "beers/Red_Layers_beer-2965623_0c31c_hd.jpeg"}}, {"model": "products.product", "pk": 10, "fields": {"name": "Windmill & Airport", "producer": 1, "sku": "4356988543", "style": 13, "description": "A red wine barrel aged collaboration between De Molen and Dugges, two breweries that have grown up together. Dried fruits, rummy, winey, maple and heather honey sensations followed by a dry finish. Mature!", "abv": "11.00", "packaging": "bottle", "volume": "33cl", "units_per_order": 24, "price": "63.40", "rating": "3.62", "new_product": false, "in_stock": true, "image_url": "https://untappd.akamaized.net/site/beer_logos_hd/beer-3028570_52ad7_hd.jpeg", "image": "beers/Windmill__Airport_beer-3028570_52ad7_hd.jpeg"}}, {"model": "products.product", "pk": 11, "fields": {"name": "Vlad the Imp Aler (2017)", "producer": 3, "sku": "6497703241", "style": 26, "description": "Behold the return of Vlad the Imp Aler, one of the most iconic projects in our 20-year history of brewing and blending sour beer. A combination of quad and blond ales aged in bourbon and wine barrels for up to two years with orange peel and coriander, Vlad delivers a fresh acidity and light malt sweetness with notes of bourbon, citrus and spice.", "abv": "11.60", "packaging": "keg", "volume": "20L", "units_per_order": 1, "price": "4550.00", "rating": "4.30", "new_product": false, "in_stock": true, "image_url": "https://untappd.akamaized.net/site/beer_logos_hd/beer-3417083_6921c_hd.jpeg", "image": "beers/Vlad_the_Imp_Aler_2017_beer-3417083_6921c_hd.jpeg"}}, {"model": "products.product", "pk": 12, "fields": {"name": "Kriek (2017)", "producer": 3, "sku": "9473515409", "style": 27, "description": "Kriek is a blend of sour red ales aged in red wine barrels for up to 17 months with more than 16,000 pounds of fresh Bing and Sour pie cherries.", "abv": "7.70", "packaging": "keg", "volume": "20L", "units_per_order": 1, "price": "4023.00", "rating": "4.16", "new_product": false, "in_stock": true, "image_url": "https://untappd.akamaized.net/site/beer_logos_hd/beer-3037798_ea2cc_hd.jpeg", "image": "beers/Kriek_2017_beer-3037798_ea2cc_hd.jpeg"}}, {"model": "products.product", "pk": 13, "fields": {"name": "Pêche Fumé (2017)", "producer": 3, "sku": "6534994428", "style": 27, "description": "Péche Fumé is a blend of wheat ales brewed with cherrywood smoked malt and aged in oak barrels for up to 14 months with Northwest-grown peaches. Delicately balancing bold elements of smoke and fruit, Péche Fumé captures notes of fresh preaches and campfire smoke with hints of dried apples and lemon zest.", "abv": "6.80", "packaging": "keg", "volume": "20L", "units_per_order": 1, "price": "3486.04", "rating": "4.16", "new_product": false, "in_stock": true, "image_url": "https://untappd.akamaized.net/site/beer_logos_hd/beer-2674449_3d9f4_hd.jpeg", "image": "beers/Pêche_Fumé_2017_beer-2674449_3d9f4_hd.jpeg"}}, {"model": "products.product", "pk": 14, "fields": {"name": "Vitis Noble (2016)", "producer": 3, "sku": "8953409210", "style": 27, "description": "Vitis Noble, meaning noble vine, features sour wheat and blond ales aged in oaks barrels for up to 16 months with Willamette Valley grown chardonnay grapes, one of the most celebrated \"noble\" varietals. This Northwest sour ale captures the vibrancy of chardonnay complemented by a kiss of French oak and notes of melon, apple and tropical fruit.", "abv": "9.10", "packaging": "keg", "volume": "20L", "units_per_order": 1, "price": "4220.00", "rating": "4.04", "new_product": false, "in_stock": true, "image_url": "https://untappd.akamaized.net/site/beer_logos_hd/beer-2299889_bca89_hd.jpeg", "image": "beers/Vitis_Noble_2016_beer-2299889_bca89_hd.jpeg"}}, {"model": "products.product", "pk": 15, "fields": {"name": "Apricot (2019)", "producer": 3, "sku": "4856528202", "style": 27, "description": "Apricot is a blend of sour blond ales aged in oak wine barrels for up to 14 months, then naturally fermented with Northwest-grown apricots and aged on the fruit for an additional six months before packaging. As one of the first and longest-running blends in our portfolio, Apricot has become a quintessential part of Cascade Brewing’s identity as a producer of Northwest sour ales.", "abv": "7.30", "packaging": "bottle", "volume": "75cl", "units_per_order": 12, "price": "185.00", "rating": "4.14", "new_product": false, "in_stock": true, "image_url": "https://untappd.akamaized.net/site/beer_logos_hd/beer-3804647_44b4a_hd.jpeg", "image": "beers/Apricot_2019_beer-3804647_44b4a_hd.jpeg"}}, {"model": "products.product", "pk": 16, "fields": {"name": "Framblanc (2017)", "producer": 3, "sku": "9271791032", "style": 27, "description": "Framblanc is a blend of sour blond ales aged for up to 14 months in oak wine barrels with more than 3,500 pounds of white raspberries. Fresh aromas of raspberries, green grapes, white peaches and pears earned Framblanc the gold medal at the 2017 Oregon Beer Awards.", "abv": "8.40", "packaging": "bottle", "volume": "75cl", "units_per_order": 12, "price": "224.00", "rating": "4.18", "new_product": false, "in_stock": true, "image_url": "https://untappd.akamaized.net/site/beer_logos_hd/beer-3037821_3615d_hd.jpeg", "image": "beers/Framblanc_2017_beer-3037821_3615d_hd.jpeg"}}, {"model": "products.product", "pk": 17, "fields": {"name": "Coral Horizon", "producer": 3, "sku": "6647009929", "style": 26, "description": "Coral Horizon is a blend of sour blond ales aged in oak wine barrels for up to 16 months with late infusions of grapefruit zest, hibiscus tea and freshly chopped ginger root. Pouring a brilliant coral-red hue reminiscent of a summer sunset, this small batch blend offers a soft, approachable acidity level with aromas of ruby red grapefruit and a refreshing ginger spice.", "abv": "8.00", "packaging": "bottle", "volume": "50cl", "units_per_order": 12, "price": "125.65", "rating": "3.85", "new_product": false, "in_stock": true, "image_url": "https://untappd.akamaized.net/site/beer_logos_hd/beer-3338756_ffa00_hd.jpeg", "image": "beers/Coral_Horizon_beer-3338756_ffa00_hd.jpeg"}}, {"model": "products.product", "pk": 18, "fields": {"name": "Rose City Sour (2017)", "producer": 3, "sku": "3456520730", "style": 27, "description": "Celebrating Portland’s reputation as the City of Roses, we are pleased to offer Rose City Sour, a blend of wheat and blond ales aged in oak wine barrels for up to 14 months with rose petals, rose hips and hibiscus flowers. Rose City Sour captures the delicate floral aromas of fresh roses matched with notes of dried cranberries, pomegranates and a hint of white pepper.", "abv": "8.00", "packaging": "bottle", "volume": "50cl", "units_per_order": 12, "price": "125.65", "rating": "3.99", "new_product": true, "in_stock": true, "image_url": "https://untappd.akamaized.net/site/beer_logos_hd/beer-3037809_d08d2_hd.jpeg", "image": "beers/Rose_City_Sour_2017_beer-3037809_d08d2_hd.jpeg"}}, {"model": "products.product", "pk": 19, "fields": {"name": "AUPA", "producer": 4, "sku": "7011950384", "style": 4, "description": "\"Certificate of Excellence\" Brussels Beer Challenge 2015. Classic Californian Pale Ale. Aromatic. Citrus.", "abv": "5.30", "packaging": "keg", "volume": "30L", "units_per_order": 1, "price": "2149.00", "rating": "3.59", "new_product": false, "in_stock": true, "image_url": "https://untappd.akamaized.net/site/beer_logos_hd/beer-612075_42175_hd.jpeg", "image": "beers/AUPA_beer-612075_42175_hd.jpeg"}}, {"model": "products.product", "pk": 20, "fields": {"name": "Coco Chango", "producer": 4, "sku": "2418010926", "style": 16, "description": "Imperial Porter elaborada con centeno, avena, chocolate y coco tostado.", "abv": "10.50", "packaging": "keg", "volume": "20L", "units_per_order": 1, "price": "2440.00", "rating": "3.89", "new_product": true, "in_stock": true, "image_url": "https://untappd.akamaized.net/site/beer_logos_hd/beer-2010558_73d1c_hd.jpeg", "image": "beers/Coco_Chango_beer-2010558_73d1c_hd.jpeg"}}, {"model": "products.product", "pk": 21, "fields": {"name": "SSD", "producer": 4, "sku": "1756235110", "style": 7, "description": "San diego-style double IPA with Vic Secret and Ella hops.", "abv": "8.50", "packaging": "bottle", "volume": "33cl", "units_per_order": 24, "price": "43.10", "rating": "3.86", "new_product": false, "in_stock": true, "image_url": "https://untappd.akamaized.net/site/beer_logos_hd/beer-2132761_b8c4c_hd.jpeg", "image": "beers/SSD_beer-2132761_b8c4c_hd.jpeg"}}, {"model": "products.product", "pk": 22, "fields": {"name": "Space Jelly", "producer": 6, "sku": "3854280420", "style": 2, "description": "Citra only IPA", "abv": "6.80", "packaging": "keg", "volume": "30L", "units_per_order": 1, "price": "3199.99", "rating": "4.01", "new_product": false, "in_stock": true, "image_url": "https://untappd.akamaized.net/site/beer_logos_hd/beer-2008696_8cc8d_hd.jpeg", "image": "beers/Space_Jelly_beer-2008696_8cc8d_hd.jpeg"}}, {"model": "products.product", "pk": 23, "fields": {"name": "Airhead", "producer": 6, "sku": "6453654582", "style": 26, "description": "Airhead\r\n-\r\nSmoothie IPA with Tangerine, Kiwi, Lime & Milk Sugar – Hopped with Loral.\r\n-\r\nABV: 6.0 %\r\nOG: 16.0 P\r\n-\r\nYeast: American Ale II\r\nContains: Water, Barley Malt, Wheat Malt, Rye Malt, Kiwi, Lime, Tangerine, Hops, Milk Sugar, Malt Extract, Yeast", "abv": "6.00", "packaging": "keg", "volume": "30L", "units_per_order": 1, "price": "3039.75", "rating": "3.59", "new_product": false, "in_stock": true, "image_url": "https://untappd.akamaized.net/site/beer_logos_hd/beer-3426439_646f2_hd.jpeg", "image": "beers/Airhead_beer-3426439_646f2_hd.jpeg"}}, {"model": "products.product", "pk": 24, "fields": {"name": "Turtledove", "producer": 6, "sku": "6120764052", "style": 2, "description": "Turtledove\r\n-\r\nDIPA – Dry hopped with Citra & Columbus.\r\n-\r\nABV: 8.0 %\r\nOG: 18.5 P\r\n-\r\nYeast: London Ale III\r\nContains: Water, Barley Malt, Wheat Malt, Rye Malt, Hops, Malt Extract, Dextrose, Yeast", "abv": "8.00", "packaging": "can", "volume": "33cl", "units_per_order": 24, "price": "75.00", "rating": "4.01", "new_product": true, "in_stock": true, "image_url": "https://untappd.akamaized.net/site/beer_logos_hd/beer-3148263_d658f_hd.jpeg", "image": "beers/Turtledove_beer-3148263_d658f_hd.jpeg"}}, {"model": "products.product", "pk": 25, "fields": {"name": "Sunshine & Opportunity", "producer": 7, "sku": "9034604929", "style": 9, "description": "Mixed fermentation saison, aged in oak barrels and dry-hopped.", "abv": "5.60", "packaging": "keg", "volume": "20L", "units_per_order": 1, "price": "2903.67", "rating": "3.84", "new_product": false, "in_stock": true, "image_url": "https://untappd.akamaized.net/site/beer_logos_hd/beer-1865335_c751d_hd.jpeg", "image": "beers/Sunshine__Opportunity_beer-1865335_c751d_hd.jpeg"}}, {"model": "products.product", "pk": 26, "fields": {"name": "Dogpatch Currant", "producer": 7, "sku": "2407030005", "style": 26, "description": "Sour red ale with currants aged in wine barrels", "abv": "7.20", "packaging": "keg", "volume": "20L", "units_per_order": 1, "price": "3099.50", "rating": "4.07", "new_product": false, "in_stock": true, "image_url": "https://untappd.akamaized.net/site/beer_logos_hd/beer-2204117_4c2e5_hd.jpeg", "image": "beers/Dogpatch_Currant_beer-2204117_4c2e5_hd.jpeg"}}, {"model": "products.product", "pk": 27, "fields": {"name": "DDH Galaxy IPA", "producer": 8, "sku": "9255293738", "style": 1, "description": "Double dry-hopped New England IPA with Galaxy hops.", "abv": "7.00", "packaging": "can", "volume": "33cl", "units_per_order": 24, "price": "50.38", "rating": "3.78", "new_product": true, "in_stock": true, "image_url": "https://untappd.akamaized.net/site/beer_logos_hd/beer-3497817_21188_hd.jpeg", "image": "beers/DDH_Galaxy_IPA_beer-3497817_21188_hd.jpeg"}}, {"model": "products.product", "pk": 28, "fields": {"name": "Le Petit Prince", "producer": 9, "sku": "6095480295", "style": 9, "description": "Throughout Northern Europe, light-bodied, well-hopped, low alcohol table beers were often the beverage of choice with all meals at times and in places where the water wasn’t always safe to drink. Le Petit Prince is a dry, unspiced, highly attenuated Farmhouse Table Beer unique to our land in the Texas Hill Country. Naturally occurring wild yeasts impart a sense of place to this unfiltered, unpasteurized, 100% naturally conditioned ale.", "abv": "2.90", "packaging": "keg", "volume": "20L", "units_per_order": 1, "price": "2580.00", "rating": "3.50", "new_product": false, "in_stock": true, "image_url": "https://untappd.akamaized.net/site/beer_logos_hd/beer-_105070_hd_0bbe9c2bedf06e40515bb871451dad.jpeg", "image": "beers/Le_Petit_Prince_beer-_105070_hd_0bbe9c2bedf06e40515bb871451dad.jpeg"}}, {"model": "products.product", "pk": 29, "fields": {"name": "Das Wunderkind!", "producer": 9, "sku": "5642241542", "style": 9, "description": "Made using the once commonplace, Old World technique of bière de coupage, freshly hopped, young beer is blended with old, sour beer aged in oak barrels. Das Wunderkind! is dry, highly attenuated, unspiced, tart, floral, and funky. Unfiltered, unpasteurized, and 100% naturally conditioned.", "abv": "4.50", "packaging": "bottle", "volume": "75cl", "units_per_order": 12, "price": "149.30", "rating": "3.85", "new_product": true, "in_stock": true, "image_url": "https://untappd.akamaized.net/site/beer_logos_hd/beer-_35762_hd_62a6b40ea5848fa2370367aac0a9c0.jpeg", "image": "beers/Das_Wunderkind_beer-_35762_hd_62a6b40ea5848fa2370367aac0a9c0.jpeg"}}, {"model": "products.product", "pk": 30, "fields": {"name": "Figlet", "producer": 9, "sku": "4005134586", "style": 9, "description": "Collaboration with Franklin Barbecue. Farmhouse Ale refermented with smoked Texas figs.", "abv": "6.00", "packaging": "bottle", "volume": "75cl", "units_per_order": 12, "price": "152.60", "rating": "3.78", "new_product": false, "in_stock": true, "image_url": "https://untappd.akamaized.net/site/beer_logos_hd/beer-858908_72530_hd.jpeg", "image": "beers/Figlet_beer-858908_72530_hd.jpeg"}}, {"model": "products.product", "pk": 31, "fields": {"name": "Bière de Miel", "producer": 9, "sku": "3263252039", "style": 9, "description": "On brewday, we added raw, Texas wildflower honey from Good Flow Honey Co. in Austin, Texas late in the boil. After the first several weeks of fermentation, we added more honey to the beer. Finally, the beer was 100% naturally refermented in bottles, kegs, and casks using more of the raw, Texas wildflower honey. In addition to the honey, Bière de Miel was brewed with Hill Country well water, malted barley, malted wheat, and hops. It is 5.8% alcohol by volume, 3.2 pH, has a finishing gravity of 1.003, and is suitable for vegetarians but not vegans.", "abv": "5.80", "packaging": "bottle", "volume": "75cl", "units_per_order": 12, "price": "149.64", "rating": "3.84", "new_product": true, "in_stock": true, "image_url": "https://untappd.akamaized.net/site/beer_logos_hd/beer-688865_4169e_hd.jpeg", "image": "beers/Bière_de_Miel_beer-688865_4169e_hd.jpeg"}}, {"model": "products.product", "pk": 32, "fields": {"name": "Eclipse - Salted Caramel (2019)", "producer": 10, "sku": "8483733833", "style": 15, "description": "Now in its 12th vintage, 2019 Eclipse is our rich Imperial Stout aged to perfection in whiskey and spirit barrels. All Eclipse starts with the same base beer bringing hints of dark chocolate, espresso, and a smooth complexity, with each barrel treatment delivering its own unique character after a minimum of 180 days of aging. Salted Caramel is brewed with caramel and aged in bourbon and salt brine barrels.", "abv": "12.80", "packaging": "bottle", "volume": "65cl", "units_per_order": 6, "price": "265.00", "rating": "3.97", "new_product": false, "in_stock": true, "image_url": "https://untappd.akamaized.net/site/beer_logos_hd/beer-3563577_da5d4_hd.jpeg", "image": "beers/Eclipse_-_Salted_Caramel_2019_beer-3563577_da5d4_hd.jpeg"}}, {"model": "products.product", "pk": 33, "fields": {"name": "Eclipse - Banana Fritter (2019)", "producer": 10, "sku": "6029003636", "style": 15, "description": "Now in its 12th vintage, 2019 Eclipse is our rich Imperial Stout aged to perfection in whiskey and spirit barrels. All Eclipse starts with the same base beer bringing hints of dark chocolate, espresso, and a smooth complexity, with each barrel treatment delivering its own unique character after a minimum of 180 days of aging. Banana Fritter is brewed with bananas, cinnamon, and sugar. Aged in rum barrels.", "abv": "11.40", "packaging": "bottle", "volume": "65cl", "units_per_order": 6, "price": "265.00", "rating": "4.04", "new_product": false, "in_stock": true, "image_url": "https://untappd.akamaized.net/site/beer_logos_hd/beer-3563081_73cfa_hd.jpeg", "image": "beers/Eclipse_-_Banana_Fritter_2019_beer-3563081_73cfa_hd.jpeg"}}, {"model": "products.product", "pk": 34, "fields": {"name": "Eclipse - HW (High West)  (2019)", "producer": 10, "sku": "5142308600", "style": 15, "description": "Now in its 12th vintage, 2019 Eclipse is our rich Imperial Stout aged to perfection in whiskey and spirit barrels. All Eclipse starts with the same base beer bringing hints of dark chocolate, espresso, and a smooth complexity, with each barrel treatment delivering its own unique character after a minimum of 180 days of aging. High West (HW) is aged in select bourbon barrels from Utah.", "abv": "12.40", "packaging": "bottle", "volume": "65cl", "units_per_order": 6, "price": "265.00", "rating": "4.24", "new_product": false, "in_stock": true, "image_url": "https://untappd.akamaized.net/site/beer_logos_hd/beer-3563557_78223_hd.jpeg", "image": "beers/Eclipse_-_HW_High_West__2019_beer-3563557_78223_hd.jpeg"}}, {"model": "products.product", "pk": 35, "fields": {"name": "Eclipse - Old Trestle (2019)", "producer": 10, "sku": "3831529892", "style": 15, "description": "Now in its 12th vintage, 2019 Eclipse is our rich Imperial Stout aged to perfection in whiskey and spirit barrels. All Eclipse starts with the same base beer bringing hints of dark chocolate, espresso, and a smooth complexity, with each barrel treatment delivering its own unique character after a minimum of 180 days of aging. Old Trestle® is aged exclusively in Old Trestle® bourbon barrels from Truckee, California.", "abv": "13.40", "packaging": "bottle", "volume": "65cl", "units_per_order": 6, "price": "265.00", "rating": "4.30", "new_product": false, "in_stock": true, "image_url": "https://untappd.akamaized.net/site/beer_logos_hd/beer-3563565_a1dcb_hd.jpeg", "image": "beers/Eclipse_-_Old_Trestle_2019_beer-3563565_a1dcb_hd.jpeg"}}, {"model": "products.product", "pk": 36, "fields": {"name": "Eclipse - Barrel Cuvée (2019)", "producer": 10, "sku": "4542335612", "style": 15, "description": "Now in its 12th vintage, 2019 Eclipse is our rich Imperial Stout aged to perfection in whiskey and spirit barrels. All Eclipse starts with the same base beer bringing hints of dark chocolate, espresso, and a smooth complexity, with each barrel treatment delivering its own unique character after a minimum of 180 days of aging. Barrel Cuvée is our brewer's bourbon blend of our longest aged barrels.", "abv": "11.30", "packaging": "bottle", "volume": "65cl", "units_per_order": 6, "price": "265.00", "rating": "4.28", "new_product": false, "in_stock": true, "image_url": "https://untappd.akamaized.net/site/beer_logos_hd/beer-3563523_b0231_hd.jpeg", "image": "beers/Eclipse_-_Barrel_Cuvée_2019_beer-3563523_b0231_hd.jpeg"}}, {"model": "products.product", "pk": 37, "fields": {"name": "How Long Did It Take You To Grow That Mustache?", "producer": 11, "sku": "1450267943", "style": 28, "description": "Warm, dank, heavy citrus, medium-full body, soft carb/bitterness.\r\n\r\nBrewed  and dry hopped with Mandarina Bavaria and Hallertau Blanc", "abv": "5.50", "packaging": "keg", "volume": "20L", "units_per_order": 1, "price": "2778.00", "rating": "3.61", "new_product": false, "in_stock": true, "image_url": "https://untappd.akamaized.net/site/beer_logos_hd/beer-3057560_ee7b4_hd.jpeg", "image": "beers/How_Long_Did_It_Take_You_To_Grow_That_Mustache_beer-3057560_ee7b4_hd.jpeg"}}, {"model": "products.product", "pk": 38, "fields": {"name": "A Nightmare On George Street", "producer": 11, "sku": "9035118319", "style": 7, "description": "Bright citrus aromatics with undertones of mango and lychee. Medium bodied. Soft carbonation.\r\n\r\nCollaboration w/ Equilibrium Brewery", "abv": "8.20", "packaging": "keg", "volume": "20L", "units_per_order": 1, "price": "3110.00", "rating": "4.22", "new_product": false, "in_stock": true, "image_url": "https://untappd.akamaized.net/site/beer_logos_hd/beer-3145997_3ac7b_hd.jpeg", "image": "beers/A_Nightmare_On_George_Street_beer-3145997_3ac7b_hd.jpeg"}}, {"model": "products.product", "pk": 39, "fields": {"name": "Therapeutic Tepache", "producer": 11, "sku": "7470638826", "style": 27, "description": "Fruited Sour brewed with piloncillo sugar & grains of paradise and with cinnamon, ginger, habanero and pineapple purée added", "abv": "5.50", "packaging": "keg", "volume": "20L", "units_per_order": 1, "price": "2896.73", "rating": "3.62", "new_product": false, "in_stock": true, "image_url": "https://untappd.akamaized.net/site/beer_logos_hd/beer-3102750_9c6ff_hd.jpeg", "image": "beers/Therapeutic_Tepache_beer-3102750_9c6ff_hd.jpeg"}}, {"model": "products.product", "pk": 40, "fields": {"name": "ITS SO QUIET AND PEACEFUL WALKING ACROSS THE BROOKLYN BRIDGE", "producer": 11, "sku": "9204127774", "style": 4, "description": "DDH Pale Ale. Hops: Mosaic. Ample notes of pulpy orange, evergreen, blueberries and subtle pine. Light-medium bodied. Creamy mouthfeel. Soft bitterness.", "abv": "6.10", "packaging": "can", "volume": "47.3cl", "units_per_order": 24, "price": "84.05", "rating": "3.93", "new_product": false, "in_stock": true, "image_url": "https://untappd.akamaized.net/site/beer_logos_hd/beer-3438284_a899a_hd.jpeg", "image": "beers/ITS_SO_QUIET_AND_PEACEFUL_WALKING_ACROSS_THE_BROOKLYN_BRIDGE_beer-3438284_a899a_hd.jpeg"}}, {"model": "products.product", "pk": 41, "fields": {"name": "ET Found Home", "producer": 11, "sku": "8463040072", "style": 19, "description": "Bright floral aromatics with light notes of honey and bready malt, creamy mouthfeel with smooth bitterness.", "abv": "5.00", "packaging": "can", "volume": "47.3cl", "units_per_order": 24, "price": "65.47", "rating": "3.71", "new_product": true, "in_stock": true, "image_url": "https://untappd.akamaized.net/site/beer_logos_hd/beer-3052274_0a898_hd.jpeg", "image": "beers/ET_Found_Home_beer-3052274_0a898_hd.jpeg"}}, {"model": "products.product", "pk": 42, "fields": {"name": "THESE DRINKS ARE SO EXPENSIVE. DO I HAVE TO TIP?", "producer": 11, "sku": "8801948945", "style": 1, "description": "DDH IPA. Hops: Citra, Citra Cryo and Wai-iti. Mango, pineapple, passion fruit and orange. Light-medium body. Creamy mouthfeel. 6.5% ABV", "abv": "6.50", "packaging": "can", "volume": "47.3cl", "units_per_order": 24, "price": "79.80", "rating": "3.94", "new_product": false, "in_stock": true, "image_url": "https://untappd.akamaized.net/site/beer_logos_hd/beer-3460510_b813b_hd.jpeg", "image": "beers/THESE_DRINKS_ARE_SO_EXPENSIVE._DO_I_HAVE_TO_TIP_beer-3460510_b813b_hd.jpeg"}}, {"model": "products.product", "pk": 43, "fields": {"name": "I Don't Feel Like Taking the Subway. Let's Take A Cab All the Way There.", "producer": 11, "sku": "9153184921", "style": 7, "description": "DDH DIPA (hops: citra, ekuanot, ekuanot cryo). Mango, passionfruit, lime and berry notes. Medium bodied. Creamy mouthfeel. Subtle bitterness.", "abv": "8.40", "packaging": "can", "volume": "47.3cl", "units_per_order": 24, "price": "88.20", "rating": "4.03", "new_product": false, "in_stock": true, "image_url": "https://untappd.akamaized.net/site/beer_logos_hd/beer-3473787_23680_hd.jpeg", "image": "beers/I_Dont_Feel_Like_Taking_the_Subway._Lets_Take_A_Cab_All_the_Way_There._beer-34737_s8fRoyk.jpeg"}}, {"model": "products.product", "pk": 44, "fields": {"name": "Oro Negro", "producer": 12, "sku": "7552790554", "style": 15, "description": "Oil of Aphrodite brewed with walnuts and conditioned on spices", "abv": "10.00", "packaging": "bottle", "volume": "37.5cl", "units_per_order": 12, "price": "100.30", "rating": "4.20", "new_product": false, "in_stock": true, "image_url": "https://untappd.akamaized.net/site/beer_logos_hd/beer-816659_a4cae_hd.jpeg", "image": "beers/Oro_Negro_beer-816659_a4cae_hd.jpeg"}}, {"model": "products.product", "pk": 45, "fields": {"name": "The Ties That Bind", "producer": 12, "sku": "7485409768", "style": 26, "description": "American Wild Ale", "abv": "6.00", "packaging": "bottle", "volume": "50cl", "units_per_order": 12, "price": "146.20", "rating": "4.18", "new_product": false, "in_stock": true, "image_url": "https://untappd.akamaized.net/site/beer_logos_hd/beer-2336165_fb24b_hd.jpeg", "image": "beers/The_Ties_That_Bind_beer-2336165_fb24b_hd.jpeg"}}, {"model": "products.product", "pk": 46, "fields": {"name": "Quatrefoil", "producer": 12, "sku": "5216656558", "style": 26, "description": "A blend of 1 to 3-year-old oak aged sour blond ale conditioned upon apricots. There is no mistaking the dried apricot dynamic of sour and sweet. The apricots and the aged sour blond ale add a lovely stone fruit presence that resonates through the entire experience.", "abv": "7.00", "packaging": "bottle", "volume": "50cl", "units_per_order": 12, "price": "124.17", "rating": "4.10", "new_product": true, "in_stock": true, "image_url": "https://untappd.akamaized.net/site/beer_logos_hd/beer-3146413_3c350_hd.jpeg", "image": "beers/Quatrefoil_beer-3146413_3c350_hd.jpeg"}}, {"model": "products.product", "pk": 47, "fields": {"name": "Bourbon Barrel Dark Apparition", "producer": 12, "sku": "3077033959", "style": 15, "description": "Russian Imperial Stout aged in bourbon barrels for a year", "abv": "12.80", "packaging": "bottle", "volume": "37.5cl", "units_per_order": 12, "price": "130.39", "rating": "4.33", "new_product": false, "in_stock": true, "image_url": "https://untappd.akamaized.net/site/beer_logos_hd/beer-16307_1e00a_hd.jpeg", "image": "beers/Bourbon_Barrel_Dark_Apparition_beer-16307_1e00a_hd.jpeg"}}, {"model": "products.product", "pk": 48, "fields": {"name": "Jelly King", "producer": 13, "sku": "0506410400", "style": 26, "description": "An everyday, juicy, drinkable sour with punchy hop aromatics and fruity foundational\r\nflavours. Low bitterness, light body, and pale yellow in colour, with notes of fuzzy peach,\r\ntangerine, and cedar.", "abv": "5.60", "packaging": "bottle", "volume": "50cl", "units_per_order": 12, "price": "79.43", "rating": "4.09", "new_product": true, "in_stock": true, "image_url": "https://untappd.akamaized.net/site/beer_logos_hd/beer-1498099_2abfa_hd.jpeg", "image": "beers/Jelly_King_beer-1498099_2abfa_hd.jpeg"}}, {"model": "products.product", "pk": 49, "fields": {"name": "Let There Be Silence (Barrel Aged Quad)", "producer": 15, "sku": "7085806435", "style": 12, "description": "Inspired by the gift of empty whiskey barrels used in the first run of Tennessee Rye Whiskey by our friends at Pennington Distilling Co. in Nashville, Tennessee, we set out to raft a beer that would complement this stories batch. The result is a Belgian-style dark ale aged six months in barrel with native flora. A garnet-hued quadruple with aromas of molasses, leather, cocoa, tobacco and port accompanied by hints of toffee, oak, tart dried fruit, and spice on the palate. With bright effervescence, it is spritely on the palate with gentle acidity and a soft, spicy, drying finish.", "abv": "9.40", "packaging": "bottle", "volume": "50cl", "units_per_order": 12, "price": "104.15", "rating": "3.94", "new_product": false, "in_stock": true, "image_url": "https://untappd.akamaized.net/site/beer_logos_hd/beer-3027043_a0952_hd.jpeg", "image": "beers/Let_There_Be_Silence_Barrel_Aged_Quad_beer-3027043_a0952_hd.jpeg"}}, {"model": "products.product", "pk": 50, "fields": {"name": "Abbey Tripel", "producer": 15, "sku": "4596046639", "style": 11, "description": "A light golden Belgian inspired Abbey-style Tripel", "abv": "9.00", "packaging": "bottle", "volume": "50cl", "units_per_order": 12, "price": "100.32", "rating": "3.90", "new_product": false, "in_stock": true, "image_url": "https://untappd.akamaized.net/site/beer_logos_hd/beer-1791628_355b1_hd.jpeg", "image": "beers/Abbey_Tripel_beer-1791628_355b1_hd.jpeg"}}, {"model": "products.product", "pk": 51, "fields": {"name": "Bam Di Castagna", "producer": 16, "sku": "8333924563", "style": 9, "description": "A fall inspired version of Bam Biére. Brewed with chestnuts in the mash, Bam de Castsagna pours a rich auburn and is gently tart. Notes of earthy chestnuts, flavors of cashew, taro with traces of autumn smoke.", "abv": "4.50", "packaging": "bottle", "volume": "37.5cl", "units_per_order": 12, "price": "68.41", "rating": "3.61", "new_product": true, "in_stock": true, "image_url": "https://untappd.akamaized.net/site/beer_logos_hd/beer-1769522_cf99d_hd.jpeg", "image": "beers/Bam_Di_Castagna_beer-1769522_cf99d_hd.jpeg"}}, {"model": "products.product", "pk": 52, "fields": {"name": "Lucky Cat", "producer": 17, "sku": "4207710728", "style": 8, "description": "Perhaps this cool cat beckoned you from a shelf or a cooler. Well, lucky you! You’re holding a Pipeworks Lucky Cat is brewed with Mosaic Hops and hibiscus with strawberries added. MeWoWie! We’re not claiming that this cat will bring you good fortune, perfect health, beauty, or even ultimate happiness, but it will bring you deliciousness! So wave your paw if you’d like to welcome this brew into your glass, and then explain to anyone around you why you’re waving your paw (especially if you read this silently to yourself).", "abv": "8.00", "packaging": "bottle", "volume": "65cl", "units_per_order": 12, "price": "99.95", "rating": "3.62", "new_product": true, "in_stock": true, "image_url": "https://untappd.akamaized.net/site/beer_logos_hd/beer-1012284_12b28_hd.jpeg", "image": "beers/Lucky_Cat_beer-1012284_12b28_hd.jpeg"}}, {"model": "products.product", "pk": 53, "fields": {"name": "Dot Ave", "producer": 14, "sku": "5786244791", "style": 7, "description": "Beginning at Milton Lower Mills and spanning all the way to the Fort Point Channel, Dorchester Avenue dates back to 1805 and is rich with history. It's also the namesake of our Nelson Sauvin dry-hopped addition to the Avenue Series. Presenting a glowing deep yellow, Dot Ave offers an aroma with layers of depth and nuance. Immediately apparent is the tropical shade of the Nelson variety, with notes of mango and pineapple jumping from the glass. As the beer warms, underlying notes of concord grape, lemon verbena, and earthy pine make an appearance. Soft, palate-coating, and highly drinkable, Dot Ave finishes balanced and evolves throughout each sip.", "abv": "8.20", "packaging": "can", "volume": "47.3cl", "units_per_order": 24, "price": "105.00", "rating": "4.28", "new_product": true, "in_stock": true, "image_url": "https://untappd.akamaized.net/site/beer_logos_hd/beer-3996785_7c682_hd.jpeg", "image": "beers/Dot_Ave_beer-3996785_7c682_hd.jpeg"}}, {"model": "products.product", "pk": 54, "fields": {"name": "Vicinity", "producer": 14, "sku": "2643928223", "style": 7, "description": "Originally brewed in celebration of the first anniversary of Row 34, our favorite Fort Point oyster bar and craft-beer purveyor, Vicinity highlights a neighborhood collaboration of passion and vision. The beer's appearance is a yellow straw-color, with a significant haze. Heavy citrus aromas of pineapple, orange flesh and mango dance on the nose and palate. The pilsner malt provides a medium body and wraps up each sip with a slight balancing bitterness.", "abv": "8.00", "packaging": "can", "volume": "47.3cl", "units_per_order": 24, "price": "104.00", "rating": "4.41", "new_product": false, "in_stock": true, "image_url": "https://untappd.akamaized.net/site/beer_logos_hd/beer-876082_dc5cc_hd.jpeg", "image": "beers/Vicinity_beer-876082_dc5cc_hd.jpeg"}}, {"model": "products.product", "pk": 55, "fields": {"name": "Double Dry Hopped Fort Point", "producer": 14, "sku": "7413357403", "style": 4, "description": "This double dry hopped pale ale contains the same base ingredients, for both malt and hops, as Fort Point Pale Ale, but with an additional dry hop of Citra. The added hops richly enhance the juicy tropical fruit flavors of pineapple/mango, create elevated green, herbaceous aromatics, and increase body.", "abv": "6.60", "packaging": "can", "volume": "47.3cl", "units_per_order": 24, "price": "102.00", "rating": "4.45", "new_product": true, "in_stock": true, "image_url": "https://untappd.akamaized.net/site/beer_logos_hd/beer-415360_580ad_hd.jpeg", "image": "beers/Double_Dry_Hopped_Fort_Point_beer-415360_580ad_hd.jpeg"}}, {"model": "products.product", "pk": 56, "fields": {"name": "Double Dry Hopped Small Green Everything", "producer": 2, "sku": "2220654290", "style": 5, "description": "Double Dry Hopped Small Green Everything is a Session IPA hopped with a disproportionate amount of Motueka, Amarillo, Citra and Mosaic for it’s size. It then receives a second dry hop addition of Mosaic and Citra Lupulin powder.", "abv": "4.80", "packaging": "can", "volume": "47.3cl", "units_per_order": 24, "price": "87.00", "rating": "4.09", "new_product": false, "in_stock": true, "image_url": "https://untappd.akamaized.net/site/beer_logos_hd/beer-1996763_f64e2_hd.jpeg", "image": "beers/Double_Dry_Hopped_Small_Green_Everything_beer-1996763_f64e2_hd.jpeg"}}, {"model": "products.product", "pk": 57, "fields": {"name": "Double Dry Hopped Small Galaxy Everything", "producer": 2, "sku": "5270256096", "style": 1, "description": "Kind of hard to believe we've never made a Galaxy version of this beer. Problem corrected.", "abv": "6.50", "packaging": "bottle", "volume": "47.3cl", "units_per_order": 24, "price": "95.00", "rating": "4.20", "new_product": false, "in_stock": true, "image_url": "https://untappd.akamaized.net/site/beer_logos_hd/beer-3461463_e34d0_hd.jpeg", "image": "beers/Double_Dry_Hopped_Small_Galaxy_Everything_beer-3461463_e34d0_hd.jpeg"}}, {"model": "products.product", "pk": 58, "fields": {"name": "Triple Cream", "producer": 2, "sku": "1479233460", "style": 7, "description": "Triple Cream is a Triple Dry Hopped Imperial Oat Cream IPA. It's an even bigger version of Cheddar Imperial IPA brewed with lactose and tons of oats! We then hopped it with Wai-iti, Kohatu, Ekuanot, and Citra. This was followed by a triple dry hopping, including an all Galaxy hop final dry hop and tons of Citra lupulin powder in the second dry hop.", "abv": "10.00", "packaging": "bottle", "volume": "47.3cl", "units_per_order": 24, "price": "96.00", "rating": "4.41", "new_product": true, "in_stock": true, "image_url": "https://untappd.akamaized.net/site/beer_logos_hd/beer-2278450_68109_hd.jpeg", "image": "beers/Triple_Cream_beer-2278450_68109_hd.jpeg"}}, {"model": "producers.producer", "pk": 1, "fields": {"name": "Dugges Bryggeri", "location": "Sweden", "description": "We are Dugges Bryggeri.\r\nWe love making beer.", "highlight": true, "image_url": "https://untappd.akamaized.net/site/brewery_logos_hd/brewery-1958_03783_hd.jpeg", "image": "producers/brewery-1958_03783_hd.jpeg"}}, {"model": "producers.producer", "pk": 2, "fields": {"name": "Other Half Brewing Co.", "location": "United States", "description": "In 2014, Sam Richardson, Matt Monahan and Andrew Burman founded Other Half Brewing Company, a local brewery in New York City with a simple mission: to create beers that they wanted to drink from a company that they wanted to be a part of.\r\n\r\nTheir vision was to build a passionate team that brewed great beers in the state of New York—done so with effort and thoughtfulness—to represent the “Other Half” of the industry.\r\n\r\nToday, Other Half craft beers in their Brooklyn brewery and are dedicated to collaborating with breweries both in New York as well as across the world in an effort to constantly move the industry forward while elevating the craft.\r\n\r\nThe Other Half team believes that local breweries play an important role in their communities which is why they partner with these other likeminded brewers and brands in local nabes across the country and the world—but always return to their home state of New York and their Brooklyn taproom.", "highlight": true, "image_url": "https://untappd.akamaized.net/site/brewery_logos_hd/brewery-94785_ca64f_hd.jpeg", "image": "producers/Other_Half_Brewing_Co._brewery-94785_ca64f_hd_OVtVK4s.jpeg"}}, {"model": "producers.producer", "pk": 3, "fields": {"name": "Cascade Brewing", "location": "United States", "description": "Cascade Brewing has been a pioneer in the sour beer renaissance since 2006 and is the proud innovator of the Northwest Sour Ale. Its distinctive sour beer blends feature fruit forward, barrel-aged ales with an emphasis on project year-to-year variation. These beers offer a complex array of flavors derived from the acid, the fruit and the residual flavors present in the barrels in which they age. The resulting beers offer a complex array of flavors and aromas derived from with each project year release capturing the unique subtleties of that year’s growing season. Cascade Brewing’s sour ales are brewed and blended in Portland, Oregon. They are available on draft and in 500ml bottles at its two Portland pubs, and through worldwide distribution.", "highlight": true, "image_url": "https://untappd.akamaized.net/site/brewery_logos_hd/brewery-1035_879d6_hd.jpeg", "image": "producers/Cascade_Brewing_brewery-1035_879d6_hd_s1vsvkX.jpeg"}}, {"model": "producers.producer", "pk": 4, "fields": {"name": "Basqueland Brewing", "location": "Spain", "description": "Award-winning brewery located in Hernani, just outside of San Sebastian, Basque Country.", "highlight": false, "image_url": "https://untappd.akamaized.net/site/brewery_logos_hd/brewery-114728_94c6d_hd.jpeg", "image": "producers/Basqueland_Brewing_brewery-114728_94c6d_hd_XEQzuW7.jpeg"}}, {"model": "producers.producer", "pk": 5, "fields": {"name": "Brasserie Cantillon", "location": "Belgium", "description": "Brasserie Cantillon Brewery is a small and local family brewery in the city of Anderlecht in Brussels, Belgium. Founded in 1900 by Paul Cantillon, the brewery immediately became popular for its lambic beers. Some of its remarkable lambic beers are the Cantillon Kriek, Gauze and Faro. The brewery depends on raw wheat, malted barley and dried hops.\r\n\r\nBrasserie Cantillon Brewery takes pride in its long tradition of using organic ingredients of grown cereals that promote fine quality of beers and clean agricultural practice. Spontaneous fermentation is a trademark of lambic beers produced by the brewery. Brasserie Cantillon Brewery also delivers fruit-flavored beers from oaks and wide variety of fruits.", "highlight": true, "image_url": "https://untappd.akamaized.net/site/brewery_logos_hd/brewery-202_9ebed_hd.jpeg", "image": "producers/Brasserie_Cantillon_brewery-202_9ebed_hd_7dO5VcL.jpeg"}}, {"model": "producers.producer", "pk": 6, "fields": {"name": "FUERST WIACEK", "location": "Germany", "description": "We are a Berlin based gypsy brewer duo: Georg and Lukasz. Before going our own path, we travelled the world to learn more about brewing from some of the best breweries out there. We draw inspiration from our favorite New England and German brewing styles and mix that with our experience from apprenticing at Põhjala, Beavertown and Boneyard Beer.", "highlight": false, "image_url": "https://untappd.akamaized.net/site/brewery_logos_hd/brewery-314016_6c82c_hd.jpeg", "image": "producers/FUERST_WIACEK_brewery-314016_6c82c_hd.jpeg"}}, {"model": "producers.producer", "pk": 7, "fields": {"name": "Almanac Beer Company", "location": "United States", "description": "Our motto, \"Farm-to-Barrel\", means brewing beers inspired by the great brewing traditions of the world with the best in locally sourced ingredients. Almanac Beer Company was founded in 2010 by Jesse Friedman and Damian Fagan.", "highlight": false, "image_url": "https://untappd.akamaized.net/site/brewery_logos_hd/brewery-8039_49031_hd.jpeg", "image": "producers/Almanac_Beer_Company_brewery-8039_49031_hd.jpeg"}}, {"model": "producers.producer", "pk": 8, "fields": {"name": "Ārpus Brewing Co.", "location": "Latvia", "description": "Ārpus Brewing Co. is an independent microbrewery, founded in 2017 by craft beer geeks from Latvia.\r\n\r\nWe chose Latvian word Ārpus for the name of our brewery, as its meaning reflects the types of beers we brew - outside of the box, beyond the mass made light/dark lagers, beers with overwhelming flavours and aromas for people brave enough to step out of their comfort zone.", "highlight": false, "image_url": "https://untappd.akamaized.net/site/brewery_logos_hd/brewery-380185_3a7db_hd.jpeg", "image": "producers/Ārpus_Brewing_Co._brewery-380185_3a7db_hd.jpeg"}}, {"model": "producers.producer", "pk": 9, "fields": {"name": "Jester King Brewery", "location": "United States", "description": "Located in the beautiful Texas Hill Country, Jester King Craft Brewery is an authentic farmhouse brewery committed to brewing artisan ales of great depth and character. At times drawing influences from the world beyond traditional brewers’ yeast, Jester King’s beer is not rushed to market but allowed to mature – often in oak barrels – to create the most enjoyable, interesting and exciting beer we can make. An additional layer of complexity is added to Jester King’s bottled beers by allowing a second fermentation to take place in the bottle. As part of its commitment to sustainability, the slow food movement and Texas, Jester King beer uses as many organic and local ingredients as possible and will soon be brewed with harvested rainwater.", "highlight": true, "image_url": "https://untappd.akamaized.net/site/brewery_logos_hd/brewery-5291_fb957_hd.jpeg", "image": "producers/Jester_King_Brewery_brewery-5291_fb957_hd.jpeg"}}, {"model": "producers.producer", "pk": 10, "fields": {"name": "FiftyFifty Brewing Co.", "location": "United States", "description": "Founded in 2007 in Truckee, California, FiftyFifty Brewing Co. makes world class beer for anyone living their big life. FiftyFifty is an authentic mountain town brewery and pub that pushes the boundaries to create award-winning beers. We continue to surprise experts, aficionados and ourselves with innovative new offerings for our global and local customers.  At FiftyFifty we believe everyone deserves a beer to celebrate their version of a big life.", "highlight": false, "image_url": "https://untappd.akamaized.net/site/brewery_logos_hd/brewery-520_226a2_hd.jpeg", "image": "producers/FiftyFifty_Brewing_Co._brewery-520_226a2_hd.jpeg"}}, {"model": "producers.producer", "pk": 11, "fields": {"name": "Evil Twin Brewing NYC", "location": "United States", "description": "We make exquisite craft beers for crispy beer geeks, tasty gourmands and you. We are so much in love with good taste, all the beers from Evil Twin Brewing NYC are prepared at our first brick and mortar brewery in Ridgewood, Queens, NYC. Exclusively hand picked to please you with delicate, funky, extreme and by all means rare flavors. Maybe not the easiest way, but certainly the most fun!!! A clever man once said: 'Stay thirsty... stay foolish.' That sounds like our vision, just with a tad less attitude.", "highlight": true, "image_url": "https://untappd.akamaized.net/site/brewery_logos_hd/brewery-420055_a8e6a_hd.jpeg", "image": "producers/Evil_Twin_Brewing_NYC_brewery-420055_a8e6a_hd.jpeg"}}, {"model": "producers.producer", "pk": 12, "fields": {"name": "Jackie O's Brewery", "location": "United States", "description": "Established in 2005, Jackie O’s Brewery has evolved over the years to include an experimental Brewpub, Public House Restaurant, Production Brewery & Taproom, Bake Shop and the Barrel Ridge Farm – all of which are located in Athens, Ohio / Southeastern, Ohio.\r\n\r\nJackie O's specializes in brewing techniques that revive traditional methods and also incorporate contemporary elements and influences. We strive to brew one of the most diverse beer portfolios in the country, with a detailed and unique focus on barrel & wood aged beers, wild ales, and blending.", "highlight": true, "image_url": "https://untappd.akamaized.net/site/brewery_logos_hd/brewery-5083_0c414_hd.jpeg", "image": "producers/Jackie_Os_Brewery_brewery-5083_0c414_hd.jpeg"}}, {"model": "producers.producer", "pk": 13, "fields": {"name": "Bellwoods Brewery", "location": "Canada", "description": "A Toronto brewery, pub and bottle shop located at 124 and 126 Ossington Ave., and a brewery, tasting room and bottle shop at 20 Hafis Rd.", "highlight": false, "image_url": "https://untappd.akamaized.net/site/brewery_logos_hd/brewery-27418_85e65_hd.jpeg", "image": "producers/Bellwoods_Brewery_brewery-27418_85e65_hd.jpeg"}}, {"model": "producers.producer", "pk": 14, "fields": {"name": "Trillium Brewing Company", "location": "United States", "description": "Trillium Brewing was founded in March of 2013 by JC and Esther Tetreault with the desire to create a New England Farmhouse-inspired experience through the lens of craft beer. Launched with three employees and the support of family, friends, and community, our little brewery located at 369 Congress Street in Boston’s then-sleepy Fort Point neighborhood has grown to a team of nearly 300. Every member of our organization has incredible drive and purpose, working passionately each day to elevate the quality of the Trillium experience.\r\n\r\nBeer is at the center of everything we do, and a few core values have always driven the approach to our portfolio: the desire to continue pushing boundaries of experimentation with education, keeping a focus on hospitality by attempting to offer a wide range of styles for a diverse audience, and keeping our team excited and always-learning. With hundreds of unique offerings available each year, we take pride in the diversity and breadth of beer that we produce.\r\n\r\nWith two year-round locations in the Fort Point and Fenway neighborhoods, as well as a seasonal beer garden on the Rose Kennedy Greenway, Boston is the heart of our operations. Our production brewery and taproom in Canton and our soon-to-be operational farm in North Stonington, Connecticut round out our five current locations. In the coming years, visitors to Canton will enjoy our ‘forever home’, Located minutes from the current location, and will include a larger taproom and brewery.", "highlight": true, "image_url": "https://untappd.akamaized.net/site/brewery_logos_hd/brewery-23038_68537_hd.jpeg", "image": "producers/Trillium_Brewing_Company_brewery-23038_68537_hd.jpeg"}}, {"model": "producers.producer", "pk": 15, "fields": {"name": "Blackberry Farm Brewery", "location": "United States", "description": "At the Blackberry Farm Brewery, our aim is to craft beers that are unique and rooted in tradition, while speaking to natural nuances of the farm. As a small brewery, we work tirelessly to produce as much as we can, but still are maintaining a very small quantity of beers.", "highlight": false, "image_url": "https://untappd.akamaized.net/site/brewery_logos_hd/brewery-35122_55c92_hd.jpeg", "image": "producers/Blackberry_Farm_Brewery_brewery-35122_55c92_hd.jpeg"}}, {"model": "producers.producer", "pk": 16, "fields": {"name": "Jolly Pumpkin Artisan Ales", "location": "United States", "description": "Every step of the process at Jolly Pumpkin Artisan Ales is carefully considered to bring about the most complex and refined beers imaginable. As a result of our dedication, most of our beers will continue to mature and mellow for quite some time when cellared at home. Enjoyment for today, and for tomorrow!", "highlight": true, "image_url": "https://untappd.akamaized.net/site/brewery_logos_hd/brewery-723_05072_hd.jpeg", "image": "producers/Jolly_Pumpkin_Artisan_Ales_brewery-723_05072_hd.jpeg"}}, {"model": "producers.producer", "pk": 17, "fields": {"name": "Pipeworks Brewing Company", "location": "United States", "description": "Pipeworks began, as many breweries do, in the stove top kettles and plastic-bucket fermenters of the home brewer. Beejay Oslon and Gerrit Lewis met while working at Chicago's famous West Lakeview Liquors, a haven for beer geeks in search of new and exciting brews from around the world. While working there, the two got to thinking it was time to turn their passion in to a business.\r\n\r\nThe first steps in that long journey took them to a the small town of Lo in the Belgian countryside. It was there that the Pipeworks boys lived and worked with Urbain Coutteau owner and brewer at the De Struise Brewery. While working there the boys honed their craft, learned the ins and outs of running a brewery, and had the opportunity to create their first commercially available beers. The success of these brews fueled their passion and prepared them for the work ahead of them.\r\n\r\nUpon coming back to the States the two began experimenting with pilot batches, formulating a business plan, and developing an image for Pipeworks.\r\n\r\nNow we are ready to bring what we've learned to the craft beer world!", "highlight": false, "image_url": "https://untappd.akamaized.net/site/brewery_logos_hd/brewery-4012_14e20_hd.jpeg", "image": "producers/Pipeworks_Brewing_Company_brewery-4012_14e20_hd.jpeg"}}, {"model": "checkout.order", "pk": 1, "fields": {"order_number": "CDF8E21324B94C8AA093A52F45C9EB85", "user_profile": null, "company_name": "Macondo AS", "email": "sd.castagna@gmail.com", "phone_number": "234324324", "delivery_address": "286 1/2 N Oakland Avenue", "postcode": "91101", "city": "Pasadena", "date": "2020-11-01T12:25:37.607Z", "order_total": "5502.56", "original_cart": "", "stripe_pid": ""}}, {"model": "checkout.order", "pk": 2, "fields": {"order_number": "78AF628B0388414A9DE4A73BEEA683BB", "user_profile": null, "company_name": "Macondo AS", "email": "sd.castagna@gmail.com", "phone_number": "234324324", "delivery_address": "286 1/2 N Oakland Avenue", "postcode": "91101", "city": "Pasadena", "date": "2020-11-01T12:36:14.892Z", "order_total": "3950.00", "original_cart": "", "stripe_pid": ""}}, {"model": "checkout.order", "pk": 3, "fields": {"order_number": "8C980BC94C8B46F59021E906788542BF", "user_profile": null, "company_name": "Macondo AS", "email": "sd.castagna@gmail.com", "phone_number": "23432432", "delivery_address": "286 1/2 N Oakland Avenue", "postcode": "91101", "city": "Pasadena", "date": "2020-11-01T14:23:04.607Z", "order_total": "3433.44", "original_cart": "", "stripe_pid": ""}}, {"model": "checkout.order", "pk": 4, "fields": {"order_number": "A0FACE9B212343C5A232630911C71014", "user_profile": null, "company_name": "Macondo AS", "email": "sd.castagna@gmail.com", "phone_number": "2132432432", "delivery_address": "286 1/2 N Oakland Avenue", "postcode": "91101", "city": "Pasadena", "date": "2020-11-03T18:53:15.262Z", "order_total": "1571.28", "original_cart": "", "stripe_pid": ""}}, {"model": "checkout.order", "pk": 5, "fields": {"order_number": "0D1E41FF03434EF9A5206EF66AB9D07A", "user_profile": null, "company_name": "Macondo AS", "email": "sd.castagna@gmail.com", "phone_number": "2123", "delivery_address": "286 1/2 N Oakland Avenue", "postcode": "91101", "city": "Pasadena", "date": "2020-11-03T18:54:59.781Z", "order_total": "2778.00", "original_cart": "", "stripe_pid": ""}}, {"model": "checkout.order", "pk": 6, "fields": {"order_number": "BA5C4FC41E4F44A28A955E02C25D6B62", "user_profile": null, "company_name": "Macondo AS", "email": "sd.castagna@gmail.com", "phone_number": "23232", "delivery_address": "286 1/2 N Oakland Avenue", "postcode": "91101", "city": "Pasadena", "date": "2020-11-03T18:56:25.211Z", "order_total": "2360.00", "original_cart": "", "stripe_pid": ""}}, {"model": "checkout.order", "pk": 7, "fields": {"order_number": "190D3031B1B24693BD52AF26AF2151FD", "user_profile": null, "company_name": "sfdsfd", "email": "test@test.com", "phone_number": "0334453943", "delivery_address": "13 hello there", "postcode": "34562", "city": "grenoble", "date": "2020-11-03T18:59:46.969Z", "order_total": "2695.00", "original_cart": "", "stripe_pid": ""}}, {"model": "checkout.order", "pk": 8, "fields": {"order_number": "410FB36CBF854658BA4A07FAB207EB5A", "user_profile": null, "company_name": "sfdsfd", "email": "test@test.com", "phone_number": "0334453943", "delivery_address": "13 hello there", "postcode": "34562", "city": "grenoble", "date": "2020-11-03T19:01:50.647Z", "order_total": "2903.67", "original_cart": "", "stripe_pid": ""}}, {"model": "checkout.order", "pk": 9, "fields": {"order_number": "BEABDD5B5B504A8D951DE0471DFD0B51", "user_profile": null, "company_name": "Siomn", "email": "sds@sfds.com", "phone_number": "4324323", "delivery_address": "14 odljfkdslksj", "postcode": "83737", "city": "Oslo", "date": "2020-11-12T09:38:49.216Z", "order_total": "2149.00", "original_cart": "", "stripe_pid": ""}}, {"model": "checkout.order", "pk": 10, "fields": {"order_number": "D67326874824408FAEF35ECF6A14A06C", "user_profile": null, "company_name": "Macondo AS", "email": "sd.castagna@gmail.com", "phone_number": "324324343", "delivery_address": "286 1/2 N Oakland Avenue", "postcode": "91101", "city": "Pasadena", "date": "2020-11-12T12:14:37.592Z", "order_total": "2912.00", "original_cart": "", "stripe_pid": ""}}, {"model": "checkout.order", "pk": 11, "fields": {"order_number": "F83A45A63674448988E99D1E1F2C865A", "user_profile": null, "company_name": "Macondo AS", "email": "sd.castagna@gmail.com", "phone_number": "324324324242424", "delivery_address": "286 1/2 N Oakland Avenue", "postcode": "91101", "city": "Pasadena", "date": "2020-11-12T12:17:28.103Z", "order_total": "5807.34", "original_cart": "", "stripe_pid": ""}}, {"model": "checkout.order", "pk": 12, "fields": {"order_number": "455D575BC346425F861ADD89A2B1296A", "user_profile": null, "company_name": "Macondo AS", "email": "sd.castagna@gmail.com", "phone_number": "2424242", "delivery_address": "286 1/2 N Oakland Avenue", "postcode": "91101", "city": "Pasadena", "date": "2020-11-12T12:20:00.286Z", "order_total": "2360.00", "original_cart": "", "stripe_pid": ""}}, {"model": "checkout.order", "pk": 13, "fields": {"order_number": "5F526337B50C43DCBD246FD231B0891C", "user_profile": null, "company_name": "simon", "email": "sd.castagna@gmail.com", "phone_number": "21323232", "delivery_address": "286 1/2 N Oakland Avenue", "postcode": "91101", "city": "Pasadena", "date": "2020-11-12T12:24:50.395Z", "order_total": "2912.00", "original_cart": "", "stripe_pid": ""}}, {"model": "checkout.order", "pk": 14, "fields": {"order_number": "234AA19462C0497487DF6B4CC61E9162", "user_profile": null, "company_name": "Macondo AS", "email": "sd.castagna@gmail.com", "phone_number": "4243423", "delivery_address": "286 1/2 N Oakland Avenue", "postcode": "91101", "city": "Pasadena", "date": "2020-11-12T12:33:53.618Z", "order_total": "2580.00", "original_cart": "", "stripe_pid": ""}}, {"model": "checkout.order", "pk": 15, "fields": {"order_number": "92AF591EC20D410D95C88A75700998E6", "user_profile": null, "company_name": "Macondo AS", "email": "sd.castagna@gmail.com", "phone_number": "24", "delivery_address": "286 1/2 N Oakland Avenue", "postcode": "91101", "city": "Pasadena", "date": "2020-11-12T12:40:03.119Z", "order_total": "2865.60", "original_cart": "", "stripe_pid": ""}}, {"model": "checkout.order", "pk": 16, "fields": {"order_number": "C1599FD561B44E90A06942202B54931C", "user_profile": null, "company_name": "Macondo AS", "email": "sd.castagna@gmail.com", "phone_number": "24243", "delivery_address": "286 1/2 N Oakland Avenue", "postcode": "91101", "city": "Pasadena", "date": "2020-11-12T12:42:49.609Z", "order_total": "1571.28", "original_cart": "", "stripe_pid": ""}}, {"model": "checkout.order", "pk": 17, "fields": {"order_number": "833579D6F37146FCAB354450638D06C6", "user_profile": null, "company_name": "sfdsfd", "email": "sd.castagna@gmail.com", "phone_number": "234324", "delivery_address": "286 1/2 N Oakland Avenue", "postcode": "91101", "city": "Pasadena", "date": "2020-11-12T12:45:10.226Z", "order_total": "765.60", "original_cart": "", "stripe_pid": ""}}, {"model": "checkout.order", "pk": 18, "fields": {"order_number": "5AB9DBC6320D4CFB8893A43215D34763", "user_profile": null, "company_name": "asldjsak", "email": "sd.castagna@gmail.com", "phone_number": "34324", "delivery_address": "286 1/2 N Oakland Avenue", "postcode": "91101", "city": "Pasadena", "date": "2020-11-12T12:46:26.073Z", "order_total": "2360.00", "original_cart": "", "stripe_pid": ""}}, {"model": "checkout.order", "pk": 19, "fields": {"order_number": "FD158F44B3334C5C90DC47953E6B602F", "user_profile": null, "company_name": "Macondo AS", "email": "sd.castagna@gmail.com", "phone_number": "232432432", "delivery_address": "286 1/2 N Oakland Avenue", "postcode": "91101", "city": "Pasadena", "date": "2020-11-12T12:48:18.725Z", "order_total": "2149.00", "original_cart": "", "stripe_pid": ""}}, {"model": "checkout.order", "pk": 20, "fields": {"order_number": "62E2A84109CA4ABC90EA10987F6709C4", "user_profile": null, "company_name": "Macondo AS", "email": "sd.castagna@gmail.com", "phone_number": "234", "delivery_address": "286 1/2 N Oakland Avenue", "postcode": "91101", "city": "Pasadena", "date": "2020-11-12T12:54:51.956Z", "order_total": "2580.00", "original_cart": "", "stripe_pid": ""}}, {"model": "checkout.order", "pk": 21, "fields": {"order_number": "0AF010A5CEA74AA8A5DB2BD58626C156", "user_profile": null, "company_name": "Simon AS", "email": "sd.castagna@gmail.com", "phone_number": "32543543", "delivery_address": "Hasleveien 13", "postcode": "91101", "city": "Oslo", "date": "2020-11-12T12:57:58.098Z", "order_total": "3199.99", "original_cart": "", "stripe_pid": ""}}, {"model": "checkout.order", "pk": 22, "fields": {"order_number": "D0C9F1C260EB49588FBC67E5EB6474DF", "user_profile": null, "company_name": "Macondo AS", "email": "sd.castagna@gmail.com", "phone_number": "42424242", "delivery_address": "286 1/2 N Oakland Avenue", "postcode": "91101", "city": "Pasadena", "date": "2020-11-12T13:06:59.427Z", "order_total": "2695.00", "original_cart": "", "stripe_pid": ""}}, {"model": "checkout.order", "pk": 23, "fields": {"order_number": "99AAC5541C024DF1BF482BD63E662E44", "user_profile": null, "company_name": "Macondo AS", "email": "sd.castagna@gmail.com", "phone_number": "12332543", "delivery_address": "286 1/2 N Oakland Avenue", "postcode": "91101", "city": "Oslo", "date": "2020-11-12T16:43:11.267Z", "order_total": "1791.60", "original_cart": "", "stripe_pid": ""}}, {"model": "checkout.order", "pk": 24, "fields": {"order_number": "0AAB2A95EC5C419190B269AD4B86EE48", "user_profile": null, "company_name": "Macondo AS", "email": "sd.castagna@gmail.com", "phone_number": "324325435", "delivery_address": "286 1/2 N Oakland Avenue", "postcode": "91101", "city": "Pasadena", "date": "2020-11-12T18:24:38.463Z", "order_total": "4268.04", "original_cart": "{\"46\": 1, \"37\": 1}", "stripe_pid": "pi_1HmkSrJeMuXfH3niZzPqhvR4"}}, {"model": "checkout.order", "pk": 25, "fields": {"order_number": "0718589E7CC342A59CBCDC47B63E4FE8", "user_profile": null, "company_name": "Simon AS", "email": "sd.castagna@gmail.com", "phone_number": "3243242", "delivery_address": "286 1/2 N Oakland Avenue", "postcode": "91101", "city": "Pasadena", "date": "2020-11-12T18:28:54.654Z", "order_total": "1571.28", "original_cart": "{\"41\": 1}", "stripe_pid": "pi_1HmkXEJeMuXfH3niEVqjX4mG"}}, {"model": "checkout.order", "pk": 26, "fields": {"order_number": "327F7C4BAB39434A9B34880DD2278DC7", "user_profile": null, "company_name": "asldjsak", "email": "sd.castagna@gmail.com", "phone_number": "234", "delivery_address": "286 1/2 N Oakland Avenue", "postcode": "91101", "city": "Pasadena", "date": "2020-11-12T18:31:32.889Z", "order_total": "2896.73", "original_cart": "{\"39\": 1}", "stripe_pid": "pi_1HmkZmJeMuXfH3ni8sejAySD"}}, {"model": "checkout.order", "pk": 27, "fields": {"order_number": "F5CE550E0FA146F885739B7850A41B94", "user_profile": null, "company_name": "sfdsfd", "email": "sd.castagna@gmail.com", "phone_number": "32432432", "delivery_address": "asdsadsa", "postcode": "234324", "city": "Oslo", "date": "2020-11-12T18:33:01.631Z", "order_total": "1507.80", "original_cart": "{\"17\": 1}", "stripe_pid": "pi_1Hmkb1JeMuXfH3nihDCd1Xiv"}}, {"model": "checkout.order", "pk": 28, "fields": {"order_number": "7EE152AE6B0D489D8CD7EEEF5A72C32D", "user_profile": null, "company_name": "Macondo AS", "email": "sd.castagna@gmail.com", "phone_number": "3243", "delivery_address": "286 1/2 N Oakland Avenue", "postcode": "91101", "city": "Pasadena", "date": "2020-11-14T14:18:44.860Z", "order_total": "1432.80", "original_cart": "{\"8\": 1}", "stripe_pid": "pi_1HnPaDJeMuXfH3niXA2KqKPR"}}, {"model": "checkout.order", "pk": 29, "fields": {"order_number": "CEF2CE2BC43046C7A8F3DEE65E57A8F1", "user_profile": 2, "company_name": "Macondo As", "email": "macondo@gmail.com", "phone_number": "12334535454", "delivery_address": "Trondheimsveien 2", "postcode": "0567", "city": "Oslo", "date": "2020-11-14T14:40:22.415Z", "order_total": "1507.80", "original_cart": "{\"17\": 1}", "stripe_pid": "pi_1HnPu9JeMuXfH3niOy1dtPSF"}}, {"model": "checkout.order", "pk": 30, "fields": {"order_number": "857389802170438E8E6AE42982DAB5B4", "user_profile": 2, "company_name": "Macondo As", "email": "macondo@gmail.com", "phone_number": "12334535454", "delivery_address": "Trondheimsveien 2", "postcode": "0567", "city": "Oslo", "date": "2020-11-14T14:40:46.861Z", "order_total": "1507.80", "original_cart": "{\"17\": 1}", "stripe_pid": "pi_1HnPvcJeMuXfH3niy53Jx4Jf"}}, {"model": "checkout.order", "pk": 31, "fields": {"order_number": "C3BD18D161F84EF79B5234FEA17FFFB4", "user_profile": 2, "company_name": "Macondo As", "email": "macondo@gmail.com", "phone_number": "12334535454", "delivery_address": "Trondheimsveien 2", "postcode": "0567", "city": "Oslo", "date": "2020-11-14T14:41:09.116Z", "order_total": "1507.80", "original_cart": "{\"17\": 1}", "stripe_pid": "pi_1HnPvzJeMuXfH3niGQE456CQ"}}, {"model": "checkout.order", "pk": 32, "fields": {"order_number": "743C075959EC46E0899BCB26F7995B3A", "user_profile": 2, "company_name": "Macondo AS", "email": "sd.castagna@gmail.com", "phone_number": "3243434343", "delivery_address": "286 1/2 N Oakland Avenue", "postcode": "91101", "city": "Pasadena", "date": "2020-11-14T14:42:47.306Z", "order_total": "3345.60", "original_cart": "{\"6\": 1, \"28\": 1}", "stripe_pid": "pi_1HnPxRJeMuXfH3niyatMoxut"}}, {"model": "checkout.order", "pk": 33, "fields": {"order_number": "0FACFB8F54FC40A8AC0145CF3494A0AB", "user_profile": 2, "company_name": "Macondo As", "email": "test@test.com", "phone_number": "12334535454", "delivery_address": "Trondheimsveien 2", "postcode": "0567", "city": "Oslo", "date": "2020-11-15T10:46:32.471Z", "order_total": "4030.00", "original_cart": "{\"20\": 1, \"34\": 1}", "stripe_pid": "pi_1HnikOJeMuXfH3nigjxlxcij"}}, {"model": "checkout.order", "pk": 34, "fields": {"order_number": "DB56EE685A424920AE1A7E2A0581A13C", "user_profile": 2, "company_name": "Macondo As", "email": "test@test.com", "phone_number": "12334535454", "delivery_address": "Trondheimsveien 2", "postcode": "0567", "city": "Oslo", "date": "2020-11-15T10:49:24.358Z", "order_total": "4030.00", "original_cart": "{\"20\": 1, \"34\": 1}", "stripe_pid": "pi_1HninAJeMuXfH3nieBtMklJW"}}, {"model": "checkout.order", "pk": 35, "fields": {"order_number": "F159D45AA3A049C787E05029D7DD1AE2", "user_profile": 2, "company_name": "Macondo As", "email": "test@test.com", "phone_number": "12334535454", "delivery_address": "Trondheimsveien 2", "postcode": "0567", "city": "Oslo", "date": "2020-11-15T11:23:58.292Z", "order_total": "3097.80", "original_cart": "{\"33\": 1, \"18\": 1}", "stripe_pid": "pi_1HniNtJeMuXfH3nirBD4fnVW"}}, {"model": "checkout.order", "pk": 36, "fields": {"order_number": "2035E0AF007D4EEA971C76B08FD70E67", "user_profile": 2, "company_name": "Macondo As", "email": "test@test.com", "phone_number": "12334535454", "delivery_address": "Trondheimsveien 2", "postcode": "0567", "city": "Oslo", "date": "2020-11-15T11:41:01.956Z", "order_total": "3496.32", "original_cart": "{\"34\": 1, \"48\": 2}", "stripe_pid": "pi_1HnjbAJeMuXfH3niPXoH0WvY"}}, {"model": "checkout.order", "pk": 37, "fields": {"order_number": "D8386B0B16884A4DB963838F65A72717", "user_profile": 2, "company_name": "Macondo As", "email": "test@test.com", "phone_number": "12334535454", "delivery_address": "Trondheimsveien 2", "postcode": "0567", "city": "Oslo", "date": "2020-11-15T11:42:26.646Z", "order_total": "2580.00", "original_cart": "{\"28\": 1}", "stripe_pid": "pi_1HnjcbJeMuXfH3niXhrjiQc6"}}, {"model": "checkout.order", "pk": 38, "fields": {"order_number": "46FD8918670F491B9B86BA69956CC8B0", "user_profile": 2, "company_name": "Macondo As", "email": "test@test.com", "phone_number": "12334535454", "delivery_address": "Trondheimsveien 2", "postcode": "0567", "city": "Oslo", "date": "2020-11-15T11:42:34.012Z", "order_total": "2580.00", "original_cart": "{\"28\": 1}", "stripe_pid": "pi_1HnjcbJeMuXfH3niXhrjiQc6"}}, {"model": "checkout.order", "pk": 39, "fields": {"order_number": "9940C7DA4FB74F5CA845D451A8391E33", "user_profile": 2, "company_name": "Macondo As", "email": "test@test.com", "phone_number": "12334535454", "delivery_address": "Trondheimsveien 2", "postcode": "0567", "city": "Oslo", "date": "2020-11-15T11:46:05.369Z", "order_total": "4030.00", "original_cart": "{\"20\": 1, \"34\": 1}", "stripe_pid": "pi_1HnikOJeMuXfH3nigjxlxcij"}}, {"model": "checkout.order", "pk": 40, "fields": {"order_number": "AFF589EEBC5247AB837212F67C22B89E", "user_profile": 2, "company_name": "Macondo As", "email": "test@test.com", "phone_number": "12334535454", "delivery_address": "Trondheimsveien 2", "postcode": "0567", "city": "Oslo", "date": "2020-11-15T11:49:05.699Z", "order_total": "7054.80", "original_cart": "{\"29\": 1, \"45\": 3}", "stripe_pid": "pi_1Hnjj1JeMuXfH3niWDHRTQke"}}, {"model": "checkout.order", "pk": 41, "fields": {"order_number": "00BFB6B4190E42ABA102EDDAC51FFAED", "user_profile": 2, "company_name": "Macondo As", "email": "test@test.com", "phone_number": "12334535454", "delivery_address": "Trondheimsveien 2", "postcode": "0567", "city": "Oslo", "date": "2020-11-15T11:53:04.941Z", "order_total": "11569.36", "original_cart": "{\"14\": 2, \"47\": 2}", "stripe_pid": "pi_1HnjmiJeMuXfH3niVfVZjeGc"}}, {"model": "checkout.order", "pk": 42, "fields": {"order_number": "50A028E222EB47149A78406F06B06732", "user_profile": 2, "company_name": "Macondo As", "email": "test@test.com", "phone_number": "12334535454", "delivery_address": "Trondheimsveien 2", "postcode": "0567", "city": "Oslo", "date": "2020-11-15T12:29:23.701Z", "order_total": "765.60", "original_cart": "{\"6\": 1}", "stripe_pid": "pi_1HnkM2JeMuXfH3ni90DWC6Mo"}}, {"model": "checkout.order", "pk": 43, "fields": {"order_number": "06C8079A0B514BAFBF6EAB46C0746DCF", "user_profile": 2, "company_name": "Macondo As", "email": "test@test.com", "phone_number": "12334535454", "delivery_address": "Trondheimsveien 2", "postcode": "0567", "city": "Oslo", "date": "2020-11-15T12:30:21.758Z", "order_total": "2017.20", "original_cart": "{\"40\": 1}", "stripe_pid": "pi_1HnkMyJeMuXfH3niqVy8RwgO"}}, {"model": "checkout.order", "pk": 44, "fields": {"order_number": "2D1AC6E0DEEC4DACABD07BDDC307C726", "user_profile": null, "company_name": "Macondo As", "email": "sd.castagna@gmail.com", "phone_number": "12335432", "delivery_address": "286 1/2 N Oakland Avenue", "postcode": "91101", "city": "Pasadena", "date": "2020-11-21T12:05:17.645Z", "order_total": "9320.70", "original_cart": "{\"6\": 1, \"20\": 1, \"26\": 1, \"18\": 2}", "stripe_pid": "pi_1HpupiJeMuXfH3niL4CbZMH2"}}, {"model": "checkout.order", "pk": 45, "fields": {"order_number": "658CAEBF7A354839A6203294456B9008", "user_profile": 1, "company_name": "Macondo AS", "email": "test@test.com", "phone_number": "5432", "delivery_address": "sdlfdlskdjf lk4j4354", "postcode": "95128", "city": "Oslo", "date": "2020-11-23T10:21:38.952Z", "order_total": "820.92", "original_cart": "{\"51\": 1}", "stripe_pid": "pi_1HqcAeJeMuXfH3niQvRK96SC"}}, {"model": "checkout.order", "pk": 46, "fields": {"order_number": "B4A94DBECF334EB9A57DF0A86586865D", "user_profile": null, "company_name": "sdsds", "email": "sd.castagna@gmail.com", "phone_number": "12432432", "delivery_address": "286 1/2 N Oakland Avenue", "postcode": "91101", "city": "Pasadena", "date": "2020-11-23T10:42:32.029Z", "order_total": "2149.00", "original_cart": "{\"19\": 1}", "stripe_pid": "pi_1HqcUeJeMuXfH3ni0NDpbBiS"}}, {"model": "checkout.order", "pk": 47, "fields": {"order_number": "4465B35766AF4464B2A83767399BCEEF", "user_profile": null, "company_name": "sdsds", "email": "sd.castagna@gmail.com", "phone_number": "12432432", "delivery_address": "286 1/2 N Oakland Avenue", "postcode": "91101", "city": "Pasadena", "date": "2020-11-23T10:42:38.583Z", "order_total": "2149.00", "original_cart": "{\"19\": 1}", "stripe_pid": "pi_1HqcUeJeMuXfH3ni0NDpbBiS"}}, {"model": "checkout.order", "pk": 48, "fields": {"order_number": "23E0B9294C0E4CF0BAB01F77660DA629", "user_profile": null, "company_name": "Macondo AS", "email": "sd.castagna@gmail.com", "phone_number": "12332543543", "delivery_address": "286 1/2 N Oakland Avenue", "postcode": "91101", "city": "Pasadena", "date": "2020-11-23T10:48:23.433Z", "order_total": "1203.84", "original_cart": "{\"50\": 1}", "stripe_pid": "pi_1HqcaaJeMuXfH3niiMqEubFW"}}, {"model": "checkout.order", "pk": 49, "fields": {"order_number": "DAD0199E46AB4047AF72022E234A7303", "user_profile": null, "company_name": "Simon Co", "email": "sd.castagna@gmail.com", "phone_number": "+12332543543", "delivery_address": "Hasleveien 13", "postcode": "91101", "city": "Oslo", "date": "2020-11-23T10:50:38.443Z", "order_total": "2520.00", "original_cart": "{\"53\": 1}", "stripe_pid": "pi_1HqcceJeMuXfH3nideaT6INk"}}, {"model": "checkout.order", "pk": 50, "fields": {"order_number": "B4A30DEB98F64C919E06A2A0D2AA6975", "user_profile": null, "company_name": "Simon Co", "email": "sd.castagna@gmail.com", "phone_number": "+12332543543", "delivery_address": "Hasleveien 13", "postcode": "91101", "city": "Oslo", "date": "2020-11-23T10:50:43.850Z", "order_total": "2520.00", "original_cart": "{\"53\": 1}", "stripe_pid": "pi_1HqcceJeMuXfH3nideaT6INk"}}, {"model": "checkout.order", "pk": 51, "fields": {"order_number": "634767991DAF49C28224066C365B1F8F", "user_profile": null, "company_name": "Simon C Co", "email": "sd.castagna@gmail.com", "phone_number": "+12332543543", "delivery_address": "Mollergata 4", "postcode": "1234", "city": "Oslo", "date": "2020-11-23T10:52:09.104Z", "order_total": "2068.80", "original_cart": "{\"21\": 2}", "stripe_pid": "pi_1Hqce3JeMuXfH3nihBSEuzIm"}}, {"model": "checkout.order", "pk": 52, "fields": {"order_number": "ACBD22973483452BB50A49C475B20067", "user_profile": null, "company_name": "Simon's Company", "email": "sd.castagna@gmail.com", "phone_number": "+12332543543", "delivery_address": "Hasleveien 13", "postcode": "91101", "city": "Oslo", "date": "2020-11-23T10:59:14.855Z", "order_total": "820.92", "original_cart": "{\"51\": 1}", "stripe_pid": "pi_1HqckvJeMuXfH3nijBW0PsTA"}}, {"model": "checkout.orderlineitem", "pk": 1, "fields": {"order": 1, "product": 4, "quantity": 1, "lineitem_total": "2360.00"}}, {"model": "checkout.orderlineitem", "pk": 2, "fields": {"order": 1, "product": 41, "quantity": 2, "lineitem_total": "3142.56"}}, {"model": "checkout.orderlineitem", "pk": 4, "fields": {"order": 2, "product": 32, "quantity": 1, "lineitem_total": "1590.00"}}, {"model": "checkout.orderlineitem", "pk": 5, "fields": {"order": 2, "product": 1, "quantity": 1, "lineitem_total": "2360.00"}}, {"model": "checkout.orderlineitem", "pk": 6, "fields": {"order": 3, "product": 29, "quantity": 1, "lineitem_total": "1791.60"}}, {"model": "checkout.orderlineitem", "pk": 7, "fields": {"order": 3, "product": 51, "quantity": 2, "lineitem_total": "1641.84"}}, {"model": "checkout.orderlineitem", "pk": 8, "fields": {"order": 4, "product": 41, "quantity": 1, "lineitem_total": "1571.28"}}, {"model": "checkout.orderlineitem", "pk": 9, "fields": {"order": 5, "product": 37, "quantity": 1, "lineitem_total": "2778.00"}}, {"model": "checkout.orderlineitem", "pk": 10, "fields": {"order": 6, "product": 4, "quantity": 1, "lineitem_total": "2360.00"}}, {"model": "checkout.orderlineitem", "pk": 11, "fields": {"order": 7, "product": 3, "quantity": 1, "lineitem_total": "2695.00"}}, {"model": "checkout.orderlineitem", "pk": 12, "fields": {"order": 8, "product": 25, "quantity": 1, "lineitem_total": "2903.67"}}, {"model": "checkout.orderlineitem", "pk": 13, "fields": {"order": 9, "product": 19, "quantity": 1, "lineitem_total": "2149.00"}}, {"model": "checkout.orderlineitem", "pk": 14, "fields": {"order": 10, "product": 2, "quantity": 1, "lineitem_total": "2912.00"}}, {"model": "checkout.orderlineitem", "pk": 15, "fields": {"order": 11, "product": 25, "quantity": 2, "lineitem_total": "5807.34"}}, {"model": "checkout.orderlineitem", "pk": 16, "fields": {"order": 12, "product": 4, "quantity": 1, "lineitem_total": "2360.00"}}, {"model": "checkout.orderlineitem", "pk": 17, "fields": {"order": 13, "product": 2, "quantity": 1, "lineitem_total": "2912.00"}}, {"model": "checkout.orderlineitem", "pk": 18, "fields": {"order": 14, "product": 28, "quantity": 1, "lineitem_total": "2580.00"}}, {"model": "checkout.orderlineitem", "pk": 19, "fields": {"order": 15, "product": 8, "quantity": 2, "lineitem_total": "2865.60"}}, {"model": "checkout.orderlineitem", "pk": 20, "fields": {"order": 16, "product": 41, "quantity": 1, "lineitem_total": "1571.28"}}, {"model": "checkout.orderlineitem", "pk": 21, "fields": {"order": 17, "product": 6, "quantity": 1, "lineitem_total": "765.60"}}, {"model": "checkout.orderlineitem", "pk": 22, "fields": {"order": 18, "product": 4, "quantity": 1, "lineitem_total": "2360.00"}}, {"model": "checkout.orderlineitem", "pk": 23, "fields": {"order": 19, "product": 19, "quantity": 1, "lineitem_total": "2149.00"}}, {"model": "checkout.orderlineitem", "pk": 24, "fields": {"order": 20, "product": 28, "quantity": 1, "lineitem_total": "2580.00"}}, {"model": "checkout.orderlineitem", "pk": 25, "fields": {"order": 21, "product": 22, "quantity": 1, "lineitem_total": "3199.99"}}, {"model": "checkout.orderlineitem", "pk": 26, "fields": {"order": 22, "product": 3, "quantity": 1, "lineitem_total": "2695.00"}}, {"model": "checkout.orderlineitem", "pk": 27, "fields": {"order": 23, "product": 29, "quantity": 1, "lineitem_total": "1791.60"}}, {"model": "checkout.orderlineitem", "pk": 28, "fields": {"order": 24, "product": 46, "quantity": 1, "lineitem_total": "1490.04"}}, {"model": "checkout.orderlineitem", "pk": 29, "fields": {"order": 24, "product": 37, "quantity": 1, "lineitem_total": "2778.00"}}, {"model": "checkout.orderlineitem", "pk": 30, "fields": {"order": 25, "product": 41, "quantity": 1, "lineitem_total": "1571.28"}}, {"model": "checkout.orderlineitem", "pk": 31, "fields": {"order": 26, "product": 39, "quantity": 1, "lineitem_total": "2896.73"}}, {"model": "checkout.orderlineitem", "pk": 32, "fields": {"order": 27, "product": 17, "quantity": 1, "lineitem_total": "1507.80"}}, {"model": "checkout.orderlineitem", "pk": 33, "fields": {"order": 28, "product": 8, "quantity": 1, "lineitem_total": "1432.80"}}, {"model": "checkout.orderlineitem", "pk": 34, "fields": {"order": 29, "product": 17, "quantity": 1, "lineitem_total": "1507.80"}}, {"model": "checkout.orderlineitem", "pk": 35, "fields": {"order": 30, "product": 17, "quantity": 1, "lineitem_total": "1507.80"}}, {"model": "checkout.orderlineitem", "pk": 36, "fields": {"order": 31, "product": 17, "quantity": 1, "lineitem_total": "1507.80"}}, {"model": "checkout.orderlineitem", "pk": 37, "fields": {"order": 32, "product": 6, "quantity": 1, "lineitem_total": "765.60"}}, {"model": "checkout.orderlineitem", "pk": 38, "fields": {"order": 32, "product": 28, "quantity": 1, "lineitem_total": "2580.00"}}, {"model": "checkout.orderlineitem", "pk": 39, "fields": {"order": 33, "product": 20, "quantity": 1, "lineitem_total": "2440.00"}}, {"model": "checkout.orderlineitem", "pk": 40, "fields": {"order": 33, "product": 34, "quantity": 1, "lineitem_total": "1590.00"}}, {"model": "checkout.orderlineitem", "pk": 41, "fields": {"order": 34, "product": 20, "quantity": 1, "lineitem_total": "2440.00"}}, {"model": "checkout.orderlineitem", "pk": 42, "fields": {"order": 34, "product": 34, "quantity": 1, "lineitem_total": "1590.00"}}, {"model": "checkout.orderlineitem", "pk": 43, "fields": {"order": 35, "product": 33, "quantity": 1, "lineitem_total": "1590.00"}}, {"model": "checkout.orderlineitem", "pk": 44, "fields": {"order": 35, "product": 18, "quantity": 1, "lineitem_total": "1507.80"}}, {"model": "checkout.orderlineitem", "pk": 45, "fields": {"order": 36, "product": 34, "quantity": 1, "lineitem_total": "1590.00"}}, {"model": "checkout.orderlineitem", "pk": 46, "fields": {"order": 36, "product": 48, "quantity": 2, "lineitem_total": "1906.32"}}, {"model": "checkout.orderlineitem", "pk": 47, "fields": {"order": 37, "product": 28, "quantity": 1, "lineitem_total": "2580.00"}}, {"model": "checkout.orderlineitem", "pk": 48, "fields": {"order": 38, "product": 28, "quantity": 1, "lineitem_total": "2580.00"}}, {"model": "checkout.orderlineitem", "pk": 49, "fields": {"order": 39, "product": 20, "quantity": 1, "lineitem_total": "2440.00"}}, {"model": "checkout.orderlineitem", "pk": 50, "fields": {"order": 39, "product": 34, "quantity": 1, "lineitem_total": "1590.00"}}, {"model": "checkout.orderlineitem", "pk": 51, "fields": {"order": 40, "product": 29, "quantity": 1, "lineitem_total": "1791.60"}}, {"model": "checkout.orderlineitem", "pk": 52, "fields": {"order": 40, "product": 45, "quantity": 3, "lineitem_total": "5263.20"}}, {"model": "checkout.orderlineitem", "pk": 53, "fields": {"order": 41, "product": 14, "quantity": 2, "lineitem_total": "8440.00"}}, {"model": "checkout.orderlineitem", "pk": 54, "fields": {"order": 41, "product": 47, "quantity": 2, "lineitem_total": "3129.36"}}, {"model": "checkout.orderlineitem", "pk": 55, "fields": {"order": 42, "product": 6, "quantity": 1, "lineitem_total": "765.60"}}, {"model": "checkout.orderlineitem", "pk": 56, "fields": {"order": 43, "product": 40, "quantity": 1, "lineitem_total": "2017.20"}}, {"model": "checkout.orderlineitem", "pk": 57, "fields": {"order": 44, "product": 6, "quantity": 1, "lineitem_total": "765.60"}}, {"model": "checkout.orderlineitem", "pk": 58, "fields": {"order": 44, "product": 20, "quantity": 1, "lineitem_total": "2440.00"}}, {"model": "checkout.orderlineitem", "pk": 59, "fields": {"order": 44, "product": 26, "quantity": 1, "lineitem_total": "3099.50"}}, {"model": "checkout.orderlineitem", "pk": 60, "fields": {"order": 44, "product": 18, "quantity": 2, "lineitem_total": "3015.60"}}, {"model": "checkout.orderlineitem", "pk": 61, "fields": {"order": 45, "product": 51, "quantity": 1, "lineitem_total": "820.92"}}, {"model": "checkout.orderlineitem", "pk": 62, "fields": {"order": 46, "product": 19, "quantity": 1, "lineitem_total": "2149.00"}}, {"model": "checkout.orderlineitem", "pk": 63, "fields": {"order": 47, "product": 19, "quantity": 1, "lineitem_total": "2149.00"}}, {"model": "checkout.orderlineitem", "pk": 64, "fields": {"order": 48, "product": 50, "quantity": 1, "lineitem_total": "1203.84"}}, {"model": "checkout.orderlineitem", "pk": 65, "fields": {"order": 49, "product": 53, "quantity": 1, "lineitem_total": "2520.00"}}, {"model": "checkout.orderlineitem", "pk": 66, "fields": {"order": 50, "product": 53, "quantity": 1, "lineitem_total": "2520.00"}}, {"model": "checkout.orderlineitem", "pk": 67, "fields": {"order": 51, "product": 21, "quantity": 2, "lineitem_total": "2068.80"}}, {"model": "checkout.orderlineitem", "pk": 68, "fields": {"order": 52, "product": 51, "quantity": 1, "lineitem_total": "820.92"}}, {"model": "profiles.userprofile", "pk": 1, "fields": {"user": 1, "default_company_name": "Macondo AS", "default_email": "test@test.com", "default_phone_number": "5432", "default_delivery_address": "sdlfdlskdjf lk4j4354", "default_postcode": "95128", "default_city": "Oslo"}}, {"model": "profiles.userprofile", "pk": 2, "fields": {"user": 2, "default_company_name": "Macondo As", "default_email": "test@test.com", "default_phone_number": "12334535454", "default_delivery_address": "Trondheimsveien 2", "default_postcode": "0567", "default_city": "Oslo"}}]